-- phpMyAdmin SQL Dump
-- version 4.2.12deb2+deb8u2
-- http://www.phpmyadmin.net
--
-- Host: localhost
-- Generation Time: May 06, 2018 at 01:14 PM
-- Server version: 5.5.60-0+deb8u1
-- PHP Version: 5.6.33-0+deb8u1

SET SQL_MODE = "NO_AUTO_VALUE_ON_ZERO";
SET time_zone = "+00:00";


/*!40101 SET @OLD_CHARACTER_SET_CLIENT=@@CHARACTER_SET_CLIENT */;
/*!40101 SET @OLD_CHARACTER_SET_RESULTS=@@CHARACTER_SET_RESULTS */;
/*!40101 SET @OLD_COLLATION_CONNECTION=@@COLLATION_CONNECTION */;
/*!40101 SET NAMES utf8 */;

--
-- Database: `webdict`
--

-- --------------------------------------------------------

--
-- Table structure for table `dictionary`
--

CREATE TABLE IF NOT EXISTS `dictionary` (
`id` bigint(20) NOT NULL,
  `source_language_id` bigint(20) DEFAULT NULL,
  `target_language_id` bigint(20) DEFAULT NULL
) ENGINE=InnoDB AUTO_INCREMENT=2 DEFAULT CHARSET=utf8 COLLATE=utf8_bin;

--
-- Dumping data for table `dictionary`
--

INSERT INTO `dictionary` (`id`, `source_language_id`, `target_language_id`) VALUES
(1, 1, 2);

-- --------------------------------------------------------

--
-- Table structure for table `language`
--

CREATE TABLE IF NOT EXISTS `language` (
`id` bigint(20) NOT NULL,
  `code` varchar(255) COLLATE utf8_bin DEFAULT NULL
) ENGINE=InnoDB AUTO_INCREMENT=3 DEFAULT CHARSET=utf8 COLLATE=utf8_bin;

--
-- Dumping data for table `language`
--

INSERT INTO `language` (`id`, `code`) VALUES
(1, 'en'),
(2, 'pl');

-- --------------------------------------------------------

--
-- Table structure for table `rank`
--

CREATE TABLE IF NOT EXISTS `rank` (
`id` bigint(20) NOT NULL,
  `reversed_dictionary` bit(1) NOT NULL,
  `last_use` datetime DEFAULT NULL,
  `rank_value` double NOT NULL,
  `tries_count` int(11) NOT NULL,
  `user_word_id` bigint(20) DEFAULT NULL
) ENGINE=InnoDB AUTO_INCREMENT=695 DEFAULT CHARSET=utf8 COLLATE=utf8_bin;

--
-- Dumping data for table `rank`
--

INSERT INTO `rank` (`id`, `reversed_dictionary`, `last_use`, `rank_value`, `tries_count`, `user_word_id`) VALUES
(1, b'0', '2018-04-20 15:29:34', -1, 6, 1),
(2, b'0', '2018-04-24 11:12:25', -1, 6, 2),
(3, b'0', '2018-04-18 12:09:20', -1, 8, 3),
(4, b'0', '2018-05-04 16:01:46', 1, 4, 4),
(5, b'0', '2017-09-24 23:07:52', 0, 1, 5),
(6, b'0', '2017-09-24 23:07:54', 0, 1, 6),
(7, b'0', '2017-09-24 23:10:13', 0, 1, 7),
(8, b'0', '2017-09-24 23:05:29', 0, 1, 8),
(9, b'0', '2017-09-24 23:06:37', 0, 1, 9),
(10, b'0', '2017-09-25 23:10:10', 0, 2, 10),
(11, b'0', '2018-05-04 15:59:50', 1, 5, 11),
(12, b'0', '2017-09-24 23:05:20', 0, 1, 12),
(13, b'0', '2017-09-25 23:01:05', 0, 2, 13),
(14, b'0', '2017-09-24 23:09:11', 0, 1, 14),
(15, b'0', '2017-09-24 23:08:23', 0, 1, 15),
(16, b'0', '2017-09-25 23:01:44', 0, 2, 16),
(17, b'0', '2017-09-24 23:09:34', 0, 1, 17),
(18, b'0', '2018-04-18 12:10:56', -1, 7, 18),
(19, b'0', '2018-04-13 17:59:46', -1, 15, 19),
(20, b'0', '2018-04-24 11:12:22', -1, 7, 20),
(21, b'0', '2018-04-18 12:12:27', -1, 7, 21),
(22, b'0', '2017-09-25 23:09:54', 0, 2, 22),
(23, b'0', '2018-04-10 10:54:05', -1, 18, 23),
(24, b'0', '2017-09-25 23:10:47', 0, 2, 24),
(25, b'0', '2017-09-27 02:24:55', 0, 2, 25),
(26, b'0', '2018-04-16 15:24:41', -1, 24, 26),
(27, b'0', '2018-04-18 12:09:02', -1, 25, 27),
(28, b'0', '2017-09-27 02:28:54', 0, 2, 28),
(29, b'0', '2018-05-04 16:03:02', 1, 4, 29),
(30, b'0', '2018-05-04 16:03:26', -1, 4, 30),
(31, b'0', '2018-04-09 17:15:05', -1, 9, 31),
(32, b'0', '2018-04-14 17:18:27', -1, 9, 32),
(33, b'0', '2018-05-04 16:03:34', -1, 4, 33),
(34, b'0', '2018-05-04 16:00:20', 1, 5, 34),
(35, b'0', '2018-05-04 15:59:43', -1, 8, 35),
(36, b'0', '2017-09-24 23:04:04', 0, 1, 36),
(37, b'0', '2018-04-20 15:29:47', -1, 5, 37),
(38, b'0', '2018-05-04 15:59:32', -1, 11, 38),
(39, b'0', '2017-09-25 23:09:27', 0, 2, 39),
(40, b'0', '2017-09-25 23:00:41', 0, 2, 40),
(41, b'0', '2018-04-13 18:01:40', -1, 14, 41),
(42, b'0', '2018-04-01 22:55:46', -1, 2, 42),
(43, b'0', '2017-09-27 02:25:01', 0, 2, 43),
(44, b'0', '2017-10-01 23:22:39', 0, 3, 44),
(45, b'0', '2018-04-10 10:54:07', -1, 15, 45),
(46, b'0', '2017-09-24 23:06:29', 0, 1, 46),
(47, b'0', '2017-09-24 23:06:39', 0, 1, 47),
(48, b'0', '2018-04-18 12:09:11', -1, 8, 48),
(49, b'0', '2017-09-24 23:03:49', 0, 1, 49),
(50, b'0', '2018-05-04 16:02:15', -1, 4, 50),
(51, b'0', '2018-05-04 16:00:04', 1, 5, 51),
(52, b'0', '2017-09-24 23:07:38', 0, 1, 52),
(53, b'0', '2017-09-24 23:10:46', 0, 1, 53),
(54, b'0', '2017-09-24 23:09:57', 0, 1, 54),
(55, b'0', '2018-05-04 16:01:16', -1, 5, 55),
(56, b'0', '2017-09-25 23:01:09', 0, 2, 56),
(57, b'0', '2018-05-04 16:03:06', -1, 4, 57),
(58, b'0', '2018-05-04 16:02:03', 1, 4, 58),
(59, b'0', '2017-09-24 23:10:43', 0, 1, 59),
(60, b'0', '2017-09-24 23:04:55', 0, 1, 60),
(61, b'0', '2017-09-24 23:05:17', 0, 1, 61),
(62, b'0', '2018-04-18 12:12:54', -1, 6, 62),
(63, b'0', '2017-09-25 23:10:45', 0, 2, 63),
(64, b'0', '2018-04-14 17:17:48', -1, 10, 64),
(65, b'0', '2017-09-27 02:28:58', 0, 2, 65),
(66, b'0', '2017-09-25 23:11:03', 0, 2, 66),
(67, b'0', '2017-09-24 23:05:49', 0, 1, 67),
(68, b'0', '2017-09-24 23:04:52', 0, 1, 68),
(69, b'0', '2018-04-16 15:24:58', -1, 9, 69),
(70, b'0', '2018-04-13 18:00:10', -1, 15, 70),
(71, b'0', '2018-04-01 22:55:43', -1, 2, 71),
(72, b'0', '2017-09-24 23:05:53', 0, 1, 72),
(73, b'0', '2017-09-24 23:04:23', 0, 1, 73),
(74, b'0', '2017-09-24 23:09:30', 0, 1, 74),
(75, b'0', '2017-09-24 23:10:15', 0, 1, 75),
(76, b'0', '2018-04-13 18:01:35', -1, 14, 76),
(77, b'0', '2017-09-25 23:09:31', 0, 2, 77),
(78, b'0', '2017-09-24 23:06:06', 0, 1, 78),
(79, b'0', '2017-09-24 23:08:40', 0, 1, 79),
(80, b'0', '2017-09-25 23:11:26', 0, 2, 80),
(81, b'0', '2018-04-16 15:25:08', -1, 8, 81),
(82, b'0', '2018-04-18 12:11:23', -1, 7, 82),
(83, b'0', '2017-09-24 23:10:18', 0, 1, 83),
(84, b'0', '2017-09-24 23:11:55', 0, 2, 84),
(85, b'0', '2018-04-24 11:11:55', -1, 9, 85),
(86, b'0', '2018-04-09 17:14:53', -1, 11, 86),
(87, b'0', '2017-09-25 23:09:23', 0, 2, 87),
(88, b'0', '2018-04-18 12:12:48', -1, 6, 88),
(89, b'0', '2017-09-25 23:00:47', 0, 2, 89),
(90, b'0', '2017-09-25 23:10:04', 0, 2, 90),
(91, b'0', '2017-09-24 23:06:16', 0, 1, 91),
(92, b'0', '2018-05-04 16:00:52', 1, 5, 92),
(93, b'0', '2017-09-24 23:09:55', 0, 1, 93),
(94, b'0', '2018-04-09 17:14:45', -1, 20, 94),
(95, b'0', '2017-09-25 23:09:50', 0, 2, 95),
(96, b'0', '2017-09-25 23:01:26', 0, 2, 96),
(97, b'0', '2018-04-10 10:54:00', -1, 19, 97),
(98, b'0', '2017-09-28 22:46:29', 0, 2, 98),
(99, b'0', '2017-09-24 23:05:33', 0, 1, 99),
(100, b'0', '2017-09-29 12:46:49', 0, 3, 100),
(101, b'0', '2018-04-01 22:55:28', 0, 2, 101),
(102, b'0', '2017-09-25 23:11:10', 0, 2, 102),
(103, b'0', '2018-05-04 16:00:23', -1, 5, 103),
(104, b'0', '2017-09-24 23:05:25', 0, 1, 104),
(105, b'0', '2017-09-24 23:04:59', 0, 1, 105),
(106, b'0', '2017-09-24 23:12:14', 0, 2, 106),
(107, b'0', '2017-09-25 23:00:37', 0, 2, 107),
(108, b'0', '2017-09-24 23:09:25', 0, 1, 108),
(109, b'0', '2017-09-25 23:10:40', 0, 2, 109),
(110, b'0', '2017-09-24 23:05:02', 0, 1, 110),
(111, b'0', '2017-09-25 23:01:14', 0, 2, 111),
(112, b'0', '2018-04-18 12:10:05', -1, 7, 112),
(113, b'0', '2017-09-25 23:01:30', 0, 2, 113),
(114, b'0', '2018-05-04 15:59:40', -1, 8, 114),
(115, b'0', '2018-04-20 15:29:42', -1, 5, 115),
(116, b'0', '2017-09-24 23:12:26', 0, 2, 116),
(117, b'0', '2017-09-25 23:11:28', 0, 2, 117),
(118, b'0', '2018-04-01 22:55:33', -1, 2, 118),
(119, b'0', '2017-09-24 23:06:33', 0, 1, 119),
(120, b'0', '2017-09-24 23:03:46', 0, 1, 120),
(121, b'0', '2018-04-24 11:12:04', -1, 9, 121),
(122, b'0', '2017-09-24 23:09:22', 0, 1, 122),
(123, b'0', '2017-09-24 23:08:27', 0, 1, 123),
(124, b'0', '2018-04-09 17:15:25', -1, 9, 124),
(125, b'0', '2018-04-13 11:01:19', -1, 19, 125),
(126, b'0', '2018-04-13 11:01:53', -1, 18, 126),
(127, b'0', '2017-09-24 23:10:21', 0, 1, 127),
(128, b'0', '2017-09-25 23:09:57', 0, 2, 128),
(129, b'0', '2018-04-18 12:10:10', -1, 7, 129),
(130, b'0', '2018-05-04 16:00:16', 1, 5, 130),
(131, b'0', '2017-09-24 23:10:34', 0, 1, 131),
(132, b'0', '2018-05-04 16:00:07', -1, 5, 132),
(133, b'0', '2017-09-24 23:09:17', 0, 1, 133),
(134, b'0', '2017-09-29 11:21:46', 0, 2, 134),
(135, b'0', '2018-04-13 11:01:08', -1, 20, 135),
(136, b'0', '2018-04-23 10:27:26', -1, 38, 136),
(137, b'0', '2017-09-24 23:04:46', 0, 1, 137),
(138, b'0', '2018-04-18 12:09:42', -1, 8, 138),
(139, b'0', '2017-09-25 23:11:05', 0, 2, 139),
(140, b'0', '2018-04-18 12:10:33', -1, 7, 140),
(141, b'0', '2017-09-25 23:00:44', 0, 2, 141),
(142, b'0', '2017-09-25 23:00:50', 0, 2, 142),
(143, b'0', '2017-09-25 23:01:00', 0, 2, 143),
(144, b'0', '2017-09-24 23:07:33', 0, 1, 144),
(145, b'0', '2017-09-24 23:11:44', 0, 2, 145),
(146, b'0', '2017-09-24 23:10:36', 0, 1, 146),
(147, b'0', '2018-05-04 16:01:32', -1, 5, 147),
(148, b'0', '2018-05-04 16:03:46', 1, 4, 148),
(149, b'0', '2017-09-24 23:08:44', 0, 1, 149),
(150, b'0', '2018-04-24 11:11:53', -1, 9, 150),
(151, b'0', '2017-09-24 23:09:36', 0, 1, 151),
(152, b'0', '2018-05-04 16:03:42', -1, 4, 152),
(153, b'0', '2017-09-24 23:04:07', 0, 1, 153),
(154, b'0', '2017-09-25 23:08:46', 0, 2, 154),
(155, b'0', '2018-04-24 11:11:50', -1, 9, 155),
(156, b'0', '2017-09-25 23:10:01', 0, 2, 156),
(157, b'0', '2018-05-04 16:03:17', -1, 4, 157),
(158, b'0', '2018-04-20 15:29:22', -1, 7, 158),
(159, b'0', '2017-09-24 23:05:56', 0, 1, 159),
(160, b'0', '2018-05-04 16:00:26', -1, 5, 160),
(161, b'0', '2018-04-18 12:09:57', -1, 7, 161),
(162, b'0', '2017-09-24 23:05:14', 0, 1, 162),
(163, b'0', '2017-09-24 23:06:58', 0, 1, 163),
(164, b'0', '2018-05-04 16:00:39', 1, 5, 164),
(165, b'0', '2018-04-24 11:12:13', -1, 7, 165),
(166, b'0', '2018-04-14 17:17:02', -1, 14, 166),
(167, b'0', '2017-09-25 23:01:47', 0, 2, 167),
(168, b'0', '2017-09-25 23:10:18', 0, 2, 168),
(169, b'0', '2017-09-27 02:24:21', 0, 2, 169),
(170, b'0', '2017-09-25 23:01:22', 0, 2, 170),
(171, b'0', '2017-09-24 23:04:10', 0, 1, 171),
(172, b'0', '2017-09-24 23:05:38', 0, 1, 172),
(173, b'0', '2017-09-25 23:01:17', 0, 2, 173),
(174, b'0', '2017-09-24 23:12:32', 0, 2, 174),
(175, b'0', '2018-04-01 22:56:08', -1, 2, 175),
(176, b'0', '2017-09-25 23:09:36', 0, 2, 176),
(177, b'0', '2018-05-04 16:01:35', -1, 4, 177),
(178, b'0', '2017-09-29 12:46:47', 0, 2, 178),
(179, b'0', '2018-05-04 16:01:06', 1, 5, 179),
(180, b'0', '2017-09-25 23:10:35', 0, 2, 180),
(181, b'0', '2017-09-24 23:08:01', 0, 1, 181),
(182, b'0', '2018-05-04 16:00:56', -1, 5, 182),
(183, b'0', '2018-04-14 17:16:55', -1, 21, 183),
(184, b'0', '2018-04-20 15:30:14', -1, 5, 184),
(185, b'0', '2018-05-04 16:02:06', -1, 4, 185),
(186, b'0', '2017-09-25 23:09:47', 0, 2, 186),
(187, b'0', '2017-09-25 23:11:07', 0, 2, 187),
(188, b'0', '2017-09-24 23:04:02', 0, 1, 188),
(189, b'0', '2017-09-24 23:09:50', 0, 1, 189),
(190, b'0', '2017-09-25 23:10:57', 0, 2, 190),
(191, b'0', '2017-09-24 23:05:46', 0, 1, 191),
(192, b'0', '2018-04-20 15:30:52', -1, 5, 192),
(193, b'0', '2017-09-24 23:06:00', 0, 1, 193),
(194, b'0', '2017-09-25 23:10:15', 0, 2, 194),
(195, b'0', '2018-04-13 11:02:05', -1, 17, 195),
(196, b'0', '2017-09-24 23:08:08', 0, 1, 196),
(197, b'0', '2017-09-24 23:10:26', 0, 1, 197),
(198, b'0', '2017-09-25 23:09:38', 0, 2, 198),
(199, b'0', '2017-09-24 23:08:36', 0, 1, 199),
(200, b'0', '2018-05-04 15:59:21', 1, 6, 200),
(201, b'0', '2018-05-04 16:01:56', 1, 4, 201),
(202, b'0', '2018-04-13 18:00:13', -1, 15, 202),
(203, b'0', '2017-09-24 23:07:41', 0, 1, 203),
(204, b'0', '2018-04-10 10:54:03', -1, 19, 204),
(205, b'0', '2018-04-24 11:12:19', -1, 7, 205),
(206, b'0', '2018-04-16 15:25:05', -1, 8, 206),
(207, b'0', '2017-09-24 23:12:22', 0, 2, 207),
(208, b'0', '2018-05-04 15:59:11', 1, 9, 208),
(209, b'0', '2018-04-13 11:01:04', -1, 23, 209),
(210, b'0', '2017-09-24 23:09:47', 0, 1, 210),
(211, b'0', '2018-04-23 10:27:34', -1, 13, 211),
(213, b'0', '2017-09-29 11:21:39', 0, 2, 213),
(214, b'0', '2017-09-25 23:01:11', 0, 2, 214),
(215, b'0', '2018-05-04 16:01:52', -1, 4, 215),
(216, b'1', '2017-09-29 12:46:27', 0, 3, 1),
(217, b'1', '2018-04-16 15:27:40', -1, 8, 2),
(218, b'1', '2018-04-14 17:19:00', -1, 11, 3),
(219, b'1', '2018-04-19 10:34:38', 0, 8, 4),
(220, b'1', '2017-09-24 13:11:49', 0, 1, 5),
(221, b'1', '2018-04-18 12:19:29', -1, 7, 6),
(222, b'1', '2018-04-19 10:33:41', 0, 9, 7),
(223, b'1', '2018-04-20 15:36:27', 0, 6, 8),
(224, b'1', '2018-04-20 15:36:38', 0, 6, 9),
(225, b'1', '2017-09-25 23:03:44', 0, 2, 10),
(226, b'1', '2018-04-20 15:36:36', 2, 6, 11),
(227, b'1', '2018-04-19 10:42:26', -1, 5, 12),
(228, b'1', '2017-10-01 23:24:10', 0, 4, 13),
(229, b'1', '2018-04-19 10:34:40', 0, 8, 14),
(230, b'1', '2018-04-18 12:17:58', -1, 19, 15),
(231, b'1', '2018-04-09 17:23:52', -1, 16, 16),
(232, b'1', '2018-04-19 10:42:46', -1, 5, 17),
(233, b'1', '2017-09-25 23:05:18', 0, 2, 18),
(234, b'1', '2017-09-24 13:11:04', 0, 1, 19),
(235, b'1', '2018-04-19 10:41:02', 1, 5, 20),
(236, b'1', '2017-09-25 23:06:09', 0, 2, 21),
(237, b'1', '2017-09-29 12:46:20', 0, 3, 22),
(238, b'1', '2018-04-19 10:35:20', 0, 6, 23),
(239, b'1', '2018-04-19 10:40:31', -1, 5, 24),
(240, b'1', '2017-09-24 13:13:47', 0, 1, 25),
(241, b'1', '2018-04-13 15:48:01', -1, 15, 26),
(242, b'1', '2018-04-18 12:19:14', -1, 7, 27),
(243, b'1', '2017-09-25 23:07:22', 0, 2, 28),
(244, b'1', '2017-09-24 13:12:03', 0, 1, 29),
(245, b'1', '2017-09-29 12:46:24', 0, 3, 30),
(246, b'1', '2017-09-29 12:46:08', 0, 2, 31),
(247, b'1', '2018-04-16 15:26:47', -1, 11, 32),
(248, b'1', '2017-09-25 23:04:02', 0, 2, 33),
(249, b'1', '2017-09-24 13:14:01', 0, 1, 34),
(250, b'1', '2017-09-24 13:11:45', 0, 1, 35),
(251, b'1', '2018-04-19 10:42:48', -1, 5, 36),
(252, b'1', '2017-09-25 23:06:26', 0, 2, 37),
(253, b'1', '2018-04-19 10:37:57', -1, 11, 38),
(254, b'1', '2017-09-25 23:03:33', 0, 2, 39),
(255, b'1', '2017-09-25 23:03:16', 0, 2, 40),
(256, b'1', '2017-09-24 13:13:59', 0, 1, 41),
(257, b'1', '2018-04-19 10:42:57', -1, 5, 42),
(258, b'1', '2017-09-24 13:12:08', 0, 1, 43),
(259, b'1', '2017-09-24 23:15:50', 0, 2, 44),
(260, b'1', '2017-09-24 13:09:25', 0, 1, 45),
(261, b'1', '2017-09-25 23:06:04', 0, 2, 46),
(262, b'1', '2017-09-24 13:09:28', 0, 1, 47),
(263, b'1', '2017-09-29 12:46:32', 0, 3, 48),
(264, b'1', '2017-09-24 23:16:11', 0, 2, 49),
(265, b'1', '2017-09-25 23:05:46', 0, 2, 50),
(266, b'1', '2018-04-19 10:35:31', 0, 6, 51),
(267, b'1', '2017-09-25 23:06:53', 0, 2, 52),
(268, b'1', '2017-09-24 13:09:31', 0, 1, 53),
(269, b'1', '2017-09-24 13:09:48', 0, 1, 54),
(270, b'1', '2017-09-25 23:06:50', 0, 2, 55),
(271, b'1', '2017-09-24 13:09:45', 0, 1, 56),
(272, b'1', '2018-04-20 15:31:11', 3, 9, 57),
(273, b'1', '2017-09-25 23:07:27', 0, 2, 58),
(274, b'1', '2017-09-24 13:10:09', 0, 1, 59),
(275, b'1', '2018-04-18 12:18:01', -1, 8, 60),
(276, b'1', '2017-09-25 23:05:05', 0, 2, 61),
(277, b'1', '2018-04-16 15:27:22', -1, 8, 62),
(278, b'1', '2017-09-24 13:12:47', 0, 1, 63),
(279, b'1', '2017-09-28 22:45:36', 0, 2, 64),
(280, b'1', '2018-04-14 17:18:58', -1, 12, 65),
(281, b'1', '2018-04-13 15:48:06', -1, 14, 66),
(282, b'1', '2017-10-01 23:24:35', 0, 4, 67),
(283, b'1', '2018-04-13 18:01:18', -1, 12, 68),
(284, b'1', '2018-04-14 17:19:20', -1, 9, 69),
(285, b'1', '2017-09-24 23:16:21', 0, 2, 70),
(286, b'1', '2017-09-25 23:05:52', 0, 2, 71),
(287, b'1', '2018-04-20 15:36:44', 2, 6, 72),
(288, b'1', '2018-04-19 10:42:10', -1, 5, 73),
(289, b'1', '2017-09-25 23:07:13', 0, 2, 74),
(290, b'1', '2018-04-18 12:18:57', -1, 7, 75),
(291, b'1', '2017-09-25 23:03:11', 0, 2, 76),
(292, b'1', '2017-09-27 02:27:00', 0, 2, 77),
(293, b'1', '2018-04-19 10:35:36', 0, 6, 78),
(294, b'1', '2017-09-25 23:04:52', 0, 2, 79),
(295, b'1', '2017-09-24 13:13:17', 0, 1, 80),
(296, b'1', '2017-09-29 12:46:30', 0, 3, 81),
(297, b'1', '2017-09-25 23:05:12', 0, 2, 82),
(298, b'1', '2018-04-19 10:35:43', 0, 6, 83),
(299, b'1', '2017-09-24 13:14:24', 0, 2, 84),
(300, b'1', '2017-10-01 23:24:56', 0, 4, 85),
(301, b'1', '2017-09-27 02:27:51', 0, 2, 86),
(302, b'1', '2018-04-13 15:48:04', -1, 14, 87),
(303, b'1', '2017-09-25 23:06:19', 0, 2, 88),
(304, b'1', '2017-09-24 13:10:02', 0, 1, 89),
(305, b'1', '2018-04-19 10:35:02', 0, 6, 90),
(306, b'1', '2017-09-29 12:46:38', 0, 3, 91),
(307, b'1', '2017-09-24 23:16:01', 0, 2, 92),
(308, b'1', '2017-09-24 13:10:05', 0, 1, 93),
(309, b'1', '2018-04-13 18:01:14', -1, 12, 94),
(310, b'1', '2018-04-18 12:19:32', -1, 7, 95),
(311, b'1', '2017-09-24 13:09:59', 0, 1, 96),
(312, b'1', '2017-09-24 13:10:11', 0, 1, 97),
(313, b'1', '2017-09-25 23:05:09', 0, 2, 98),
(314, b'1', '2018-04-20 15:32:50', 1, 7, 99),
(315, b'1', '2017-09-25 23:05:15', 0, 2, 100),
(316, b'1', '2017-09-29 12:46:36', 0, 3, 101),
(317, b'1', '2017-09-29 12:22:19', 0, 2, 102),
(318, b'1', '2017-09-29 11:21:04', 0, 2, 103),
(319, b'1', '2017-09-25 23:03:53', 0, 2, 104),
(320, b'1', '2018-04-20 15:36:30', 0, 6, 105),
(321, b'1', '2017-09-24 13:09:55', 0, 1, 106),
(322, b'1', '2017-09-27 02:27:27', 0, 2, 107),
(323, b'1', '2017-09-25 23:03:38', 0, 2, 108),
(324, b'1', '2018-04-09 17:23:48', -1, 17, 109),
(325, b'1', '2018-04-20 15:36:33', 0, 6, 110),
(326, b'1', '2017-09-25 23:03:14', 0, 2, 111),
(327, b'1', '2017-09-24 23:16:04', 0, 2, 112),
(328, b'1', '2018-04-20 15:36:48', 0, 6, 113),
(329, b'1', '2017-09-30 00:17:55', 0, 3, 114),
(330, b'1', '2018-04-19 10:40:47', -1, 5, 115),
(331, b'1', '2017-09-24 13:09:18', 0, 1, 116),
(332, b'1', '2017-09-24 13:12:55', 0, 1, 117),
(333, b'1', '2018-04-13 18:01:11', -1, 12, 118),
(334, b'1', '2017-09-30 00:17:52', 0, 3, 119),
(335, b'1', '2017-09-25 23:03:19', 0, 2, 120),
(336, b'1', '2017-09-24 23:16:09', 0, 2, 121),
(337, b'1', '2018-04-18 12:18:09', -1, 8, 122),
(338, b'1', '2017-09-24 13:09:35', 0, 1, 123),
(339, b'1', '2018-04-11 10:27:04', -1, 13, 124),
(340, b'1', '2017-09-25 23:05:55', 0, 2, 125),
(341, b'1', '2017-09-25 23:03:30', 0, 2, 126),
(342, b'1', '2017-09-24 13:11:59', 0, 1, 127),
(343, b'1', '2017-09-25 23:06:29', 0, 2, 128),
(344, b'1', '2017-09-30 00:17:47', 0, 3, 129),
(345, b'1', '2018-04-16 15:27:14', -1, 9, 130),
(346, b'1', '2017-09-29 12:22:16', 0, 2, 131),
(347, b'1', '2018-04-09 17:23:54', -1, 11, 132),
(348, b'1', '2017-09-27 02:27:59', 0, 2, 133),
(349, b'1', '2017-09-27 02:27:41', 0, 2, 134),
(350, b'1', '2018-04-18 12:19:34', -1, 6, 135),
(351, b'1', '2017-09-24 13:14:21', 0, 2, 136),
(352, b'1', '2017-09-24 13:13:31', 0, 1, 137),
(353, b'1', '2017-09-25 23:04:05', 0, 2, 138),
(354, b'1', '2017-09-25 23:03:26', 0, 2, 139),
(355, b'1', '2018-04-19 10:40:24', -1, 5, 140),
(356, b'1', '2017-09-29 11:21:07', 0, 2, 141),
(357, b'1', '2018-04-10 10:57:20', -1, 13, 142),
(358, b'1', '2018-04-20 15:32:47', 1, 7, 143),
(359, b'1', '2017-09-24 13:11:00', 0, 1, 144),
(360, b'1', '2017-09-24 13:09:41', 0, 1, 145),
(361, b'1', '2017-09-25 23:04:55', 0, 2, 146),
(362, b'1', '2017-09-29 12:46:15', 0, 2, 147),
(363, b'1', '2017-09-24 13:13:27', 0, 1, 148),
(364, b'1', '2018-04-19 10:40:52', -1, 5, 149),
(365, b'1', '2018-04-18 12:20:33', -1, 7, 150),
(366, b'1', '2017-09-27 02:27:54', 0, 2, 151),
(367, b'1', '2017-09-29 12:46:18', 0, 3, 152),
(368, b'1', '2017-10-01 23:24:59', 0, 4, 153),
(369, b'1', '2017-09-24 13:12:26', 0, 1, 154),
(370, b'1', '2017-09-25 23:03:03', 0, 2, 155),
(371, b'1', '2018-04-20 15:37:04', -1, 21, 156),
(372, b'1', '2018-04-14 17:19:28', -1, 9, 157),
(373, b'1', '2018-04-19 10:38:05', -1, 7, 158),
(374, b'1', '2017-09-24 13:12:59', 0, 1, 159),
(375, b'1', '2017-09-24 23:16:26', 0, 2, 160),
(376, b'1', '2017-09-24 13:11:56', 0, 1, 161),
(377, b'1', '2018-04-19 10:34:59', 0, 6, 162),
(378, b'1', '2018-04-13 15:48:08', -1, 14, 163),
(379, b'1', '2017-09-25 23:06:36', 0, 2, 164),
(380, b'1', '2017-09-25 23:03:59', 0, 2, 165),
(381, b'1', '2018-04-13 15:48:10', -1, 13, 166),
(382, b'1', '2018-04-18 12:20:39', -1, 5, 167),
(383, b'1', '2018-04-14 17:19:34', -1, 9, 168),
(384, b'1', '2017-09-27 02:28:11', 0, 2, 169),
(385, b'1', '2017-09-25 23:05:58', 0, 2, 170),
(386, b'1', '2018-04-16 15:27:37', -1, 8, 171),
(387, b'1', '2017-09-25 23:03:49', 0, 2, 172),
(388, b'1', '2017-09-25 23:06:21', 0, 2, 173),
(389, b'1', '2017-09-27 02:26:43', 0, 2, 174),
(390, b'1', '2018-04-18 12:19:41', -1, 6, 175),
(391, b'1', '2018-04-20 15:36:41', 0, 6, 176),
(392, b'1', '2017-09-25 23:03:56', 0, 2, 177),
(393, b'1', '2017-09-24 13:13:07', 0, 1, 178),
(394, b'1', '2017-09-24 13:13:10', 0, 1, 179),
(395, b'1', '2017-09-24 13:10:57', 0, 1, 180),
(396, b'1', '2018-04-10 10:57:13', -1, 13, 181),
(397, b'1', '2017-09-24 13:10:22', 0, 1, 182),
(398, b'1', '2017-09-24 23:16:24', 0, 2, 183),
(399, b'1', '2018-04-13 18:01:08', -1, 13, 184),
(400, b'1', '2017-09-24 13:09:37', 0, 1, 185),
(401, b'1', '2017-09-25 23:03:06', 0, 2, 186),
(402, b'1', '2017-09-30 00:18:03', 0, 3, 187),
(403, b'1', '2017-09-24 13:14:18', 0, 2, 188),
(404, b'1', '2018-04-19 10:33:44', 0, 8, 189),
(405, b'1', '2018-04-18 12:19:02', -1, 7, 190),
(406, b'1', '2017-09-24 13:12:50', 0, 1, 191),
(407, b'1', '2017-09-24 23:15:44', 0, 2, 192),
(408, b'1', '2017-09-24 13:13:13', 0, 1, 193),
(409, b'1', '2018-04-18 12:20:17', -1, 5, 194),
(410, b'1', '2017-09-29 12:22:05', 0, 2, 195),
(411, b'1', '2018-04-10 10:57:18', -1, 13, 196),
(412, b'1', '2018-04-10 10:57:10', -1, 13, 197),
(413, b'1', '2017-10-01 23:24:43', 0, 4, 198),
(414, b'1', '2017-09-25 23:07:11', 0, 2, 199),
(415, b'1', '2017-09-25 23:03:41', 0, 2, 200),
(416, b'1', '2017-09-25 23:07:03', 0, 2, 201),
(417, b'1', '2017-10-01 23:24:03', 0, 4, 202),
(418, b'1', '2017-09-30 00:17:59', 0, 3, 203),
(419, b'1', '2018-04-19 10:38:19', -1, 5, 204),
(420, b'1', '2017-09-25 23:06:13', 0, 2, 205),
(421, b'1', '2018-04-14 17:19:23', -1, 9, 206),
(422, b'1', '2017-09-25 23:06:16', 0, 2, 207),
(423, b'1', '2017-09-27 02:27:44', 0, 2, 208),
(424, b'1', '2018-04-13 18:01:05', -1, 13, 209),
(425, b'1', '2018-04-19 10:35:10', 0, 6, 210),
(426, b'1', '2018-04-14 17:18:56', -1, 15, 211),
(428, b'1', '2017-09-25 23:04:58', 0, 2, 213),
(429, b'1', '2017-09-24 13:08:32', 0, 1, 214),
(430, b'1', '2018-04-20 15:36:20', 0, 6, 215),
(431, b'0', '2017-09-24 23:11:40', 0, 2, 216),
(432, b'0', '2017-09-25 23:10:37', 0, 2, 217),
(433, b'0', '2018-04-13 11:01:55', -1, 17, 218),
(434, b'0', '2017-09-27 02:24:17', 0, 2, 219),
(435, b'1', '2017-09-30 00:17:49', 0, 3, 216),
(436, b'1', '2017-09-27 02:27:48', 0, 2, 217),
(437, b'1', '2017-09-24 13:08:23', 0, 1, 218),
(438, b'1', '2017-09-24 13:13:51', 0, 1, 219),
(439, b'0', '2017-09-27 02:28:43', 0, 2, 220),
(440, b'1', '2018-04-20 15:36:24', 0, 6, 220),
(441, b'1', '2018-04-19 10:42:30', 1, 5, 221),
(442, b'0', '2018-04-20 15:29:39', -1, 5, 221),
(443, b'0', '2017-09-25 23:10:22', 0, 2, 222),
(444, b'1', '2018-04-14 17:19:03', -1, 9, 222),
(445, b'0', '2017-08-30 14:03:45', 1, 1, 223),
(446, b'0', NULL, 0, 0, 224),
(447, b'0', '2017-08-30 14:02:02', 1, 1, 225),
(448, b'0', '2017-08-30 13:58:30', -1, 1, 226),
(449, b'0', NULL, 0, 0, 227),
(450, b'0', '2017-08-30 14:01:28', 1, 1, 228),
(451, b'0', NULL, 0, 0, 229),
(452, b'0', '2017-08-30 14:04:28', 1, 1, 230),
(453, b'0', NULL, 0, 0, 231),
(454, b'0', '2017-08-30 14:03:39', 1, 1, 232),
(455, b'0', NULL, 0, 0, 233),
(456, b'0', '2017-08-30 14:01:47', 1, 1, 234),
(457, b'0', NULL, 0, 0, 235),
(458, b'0', NULL, 0, 0, 236),
(459, b'0', NULL, 0, 0, 237),
(460, b'0', NULL, 0, 0, 238),
(461, b'0', NULL, 0, 0, 239),
(462, b'0', NULL, 0, 0, 240),
(463, b'0', NULL, 0, 0, 241),
(464, b'0', NULL, 0, 0, 242),
(465, b'0', NULL, 0, 0, 243),
(466, b'0', NULL, 0, 0, 244),
(467, b'0', NULL, 0, 0, 245),
(468, b'0', '2017-08-30 13:58:26', 1, 1, 246),
(469, b'0', NULL, 0, 0, 247),
(470, b'0', NULL, 0, 0, 248),
(471, b'0', NULL, 0, 0, 249),
(472, b'0', NULL, 0, 0, 250),
(473, b'0', NULL, 0, 0, 251),
(474, b'0', NULL, 0, 0, 252),
(475, b'0', '2017-08-30 14:04:23', -1, 1, 253),
(476, b'0', '2017-08-30 13:46:30', 0, 1, 254),
(477, b'0', NULL, 0, 0, 255),
(478, b'0', NULL, 0, 0, 256),
(479, b'0', NULL, 0, 0, 257),
(480, b'0', NULL, 0, 0, 258),
(481, b'0', NULL, 0, 0, 259),
(482, b'0', '2017-08-30 13:58:16', 1, 1, 260),
(483, b'0', NULL, 0, 0, 261),
(484, b'0', NULL, 0, 0, 262),
(485, b'0', NULL, 0, 0, 263),
(486, b'0', NULL, 0, 0, 264),
(487, b'0', NULL, 0, 0, 265),
(488, b'0', '2017-08-30 14:01:57', -1, 1, 266),
(489, b'0', NULL, 0, 0, 267),
(490, b'0', NULL, 0, 0, 268),
(491, b'0', '2017-08-30 13:58:05', -1, 1, 269),
(492, b'0', NULL, 0, 0, 270),
(493, b'1', NULL, 0, 0, 223),
(494, b'1', NULL, 0, 0, 224),
(495, b'1', NULL, 0, 0, 225),
(496, b'1', NULL, 0, 0, 226),
(497, b'1', NULL, 0, 0, 227),
(498, b'1', NULL, 0, 0, 228),
(499, b'1', NULL, 0, 0, 229),
(500, b'1', NULL, 0, 0, 230),
(501, b'1', NULL, 0, 0, 231),
(502, b'1', NULL, 0, 0, 232),
(503, b'1', NULL, 0, 0, 233),
(504, b'1', NULL, 0, 0, 234),
(505, b'1', NULL, 0, 0, 235),
(506, b'1', NULL, 0, 0, 236),
(507, b'1', NULL, 0, 0, 237),
(508, b'1', NULL, 0, 0, 238),
(509, b'1', NULL, 0, 0, 239),
(510, b'1', NULL, 0, 0, 240),
(511, b'1', NULL, 0, 0, 241),
(512, b'1', NULL, 0, 0, 242),
(513, b'1', NULL, 0, 0, 243),
(514, b'1', NULL, 0, 0, 244),
(515, b'1', NULL, 0, 0, 245),
(516, b'1', NULL, 0, 0, 246),
(517, b'1', NULL, 0, 0, 247),
(518, b'1', NULL, 0, 0, 248),
(519, b'1', NULL, 0, 0, 249),
(520, b'1', NULL, 0, 0, 250),
(521, b'1', NULL, 0, 0, 251),
(522, b'1', NULL, 0, 0, 252),
(523, b'1', NULL, 0, 0, 253),
(524, b'1', NULL, 0, 0, 254),
(525, b'1', NULL, 0, 0, 255),
(526, b'1', NULL, 0, 0, 256),
(527, b'1', NULL, 0, 0, 257),
(528, b'1', NULL, 0, 0, 258),
(529, b'1', NULL, 0, 0, 259),
(530, b'1', NULL, 0, 0, 260),
(531, b'1', NULL, 0, 0, 261),
(532, b'1', NULL, 0, 0, 262),
(533, b'1', NULL, 0, 0, 263),
(534, b'1', NULL, 0, 0, 264),
(535, b'1', NULL, 0, 0, 265),
(536, b'1', NULL, 0, 0, 266),
(537, b'1', NULL, 0, 0, 267),
(538, b'1', NULL, 0, 0, 268),
(539, b'1', NULL, 0, 0, 269),
(540, b'1', NULL, 0, 0, 270),
(541, b'0', '2018-05-04 16:00:59', -1, 5, 271),
(542, b'0', '2018-04-13 17:59:55', -1, 15, 272),
(543, b'0', '2017-09-25 23:10:43', 0, 2, 273),
(544, b'0', '2018-04-13 17:59:37', -1, 15, 274),
(545, b'0', '2018-04-09 17:15:21', -1, 9, 275),
(546, b'1', '2017-09-25 23:04:50', 0, 2, 271),
(547, b'1', '2018-04-19 10:40:21', -1, 5, 272),
(548, b'1', '2018-04-19 10:41:06', -1, 5, 273),
(549, b'1', '2017-09-24 13:14:05', 0, 2, 274),
(550, b'1', '2017-09-25 23:06:33', 0, 2, 275),
(551, b'1', '2018-04-10 10:57:16', -1, 13, 276),
(552, b'0', '2017-09-29 12:21:50', 0, 2, 276),
(553, b'0', '2018-04-09 17:15:14', -1, 9, 277),
(554, b'1', '2017-09-25 23:05:43', 0, 2, 277),
(555, b'1', '2018-04-19 10:40:35', -1, 5, 278),
(556, b'0', '2017-09-27 02:24:51', 0, 2, 278),
(557, b'0', '2017-09-24 23:12:19', 0, 2, 279),
(558, b'0', '2017-09-25 23:10:50', 0, 2, 280),
(559, b'0', '2018-05-04 16:00:33', 1, 5, 281),
(560, b'0', '2017-09-25 23:00:56', 0, 2, 282),
(561, b'1', '2017-09-24 23:15:58', 0, 2, 279),
(562, b'1', '2017-09-25 23:03:23', 0, 2, 280),
(563, b'1', '2018-04-19 10:34:43', 0, 8, 281),
(564, b'1', '2017-09-29 12:46:05', 0, 2, 282),
(565, b'0', '2018-05-04 15:59:29', -1, 11, 283),
(566, b'0', '2018-05-04 15:59:46', -1, 7, 284),
(567, b'1', '2017-11-07 14:02:21', 0, 2, 283),
(568, b'1', '2017-11-07 14:02:34', 0, 2, 284),
(569, b'0', '2018-05-04 15:59:54', -1, 5, 285),
(570, b'0', '2018-05-04 15:59:36', -1, 9, 286),
(571, b'0', '2018-05-04 15:59:59', -1, 5, 287),
(572, b'0', '2018-04-20 15:30:04', -1, 5, 288),
(573, b'0', '2018-04-24 11:12:07', -1, 8, 289),
(574, b'0', '2018-05-04 16:00:35', -1, 5, 290),
(575, b'1', '2017-11-07 14:02:47', 0, 2, 285),
(576, b'1', '2017-11-08 11:45:01', 0, 2, 286),
(577, b'1', '2017-11-08 11:44:50', 0, 2, 287),
(578, b'1', '2017-11-07 14:02:31', 0, 2, 288),
(579, b'1', '2017-11-07 14:02:27', 0, 2, 289),
(580, b'1', '2018-04-19 10:35:12', 0, 6, 290),
(581, b'0', '2018-04-18 12:12:16', -1, 7, 291),
(582, b'1', '2017-11-07 14:02:15', 0, 2, 291),
(583, b'0', '2018-04-20 15:29:54', -1, 5, 292),
(584, b'0', '2017-10-30 14:49:03', 0, 2, 293),
(585, b'0', '2018-04-13 18:00:15', -1, 15, 294),
(586, b'0', '2017-10-30 14:48:54', 0, 2, 295),
(587, b'0', '2018-04-24 11:12:16', -1, 7, 296),
(588, b'0', '2018-04-20 15:29:20', -1, 13, 297),
(589, b'0', '2018-05-04 16:00:29', -1, 5, 298),
(590, b'1', '2017-11-08 11:45:41', 0, 2, 292),
(591, b'1', '2017-11-07 14:02:39', 0, 2, 293),
(592, b'1', '2017-11-07 14:02:36', 0, 2, 294),
(593, b'1', '2017-11-08 11:45:36', 0, 2, 295),
(594, b'1', '2017-11-07 14:02:44', 0, 2, 296),
(595, b'1', '2017-11-08 11:45:06', 0, 2, 297),
(596, b'1', '2017-11-07 14:02:18', 0, 2, 298),
(597, b'0', '2018-04-24 11:12:10', -1, 8, 299),
(598, b'1', '2017-11-07 14:02:13', 0, 2, 299),
(599, b'0', '2018-05-04 16:02:43', 1, 4, 300),
(600, b'0', '2017-11-07 14:01:07', 0, 2, 301),
(601, b'0', '2018-05-04 15:59:14', 1, 9, 302),
(602, b'1', '2017-11-07 14:02:41', 0, 2, 300),
(603, b'1', '2017-11-08 11:44:45', 0, 2, 301),
(604, b'1', '2017-11-07 14:02:11', 0, 2, 302),
(605, b'1', '2018-04-11 10:27:00', -1, 18, 303),
(606, b'0', '2018-05-04 16:01:38', 1, 4, 303),
(607, b'0', '2017-11-13 09:50:29', 0, 2, 304),
(608, b'1', '2017-11-14 10:47:54', 0, 2, 304),
(609, b'0', '2018-04-14 17:18:05', -1, 10, 305),
(610, b'0', '2018-04-09 17:15:03', -1, 10, 306),
(611, b'0', '2018-04-18 12:10:20', -1, 7, 307),
(612, b'0', '2018-04-16 15:25:02', -1, 8, 308),
(613, b'0', '2018-05-04 16:02:11', -1, 4, 309),
(614, b'0', '2018-04-18 12:12:34', -1, 6, 310),
(615, b'0', '2018-04-14 17:16:58', -1, 14, 311),
(616, b'0', '2018-01-12 17:04:40', 0, 1, 312),
(617, b'0', '2018-05-04 16:03:23', 1, 4, 313),
(618, b'0', '2018-04-18 12:12:42', -1, 6, 314),
(619, b'1', '2018-02-24 16:57:56', 0, 1, 305),
(620, b'1', '2018-02-18 18:35:47', 0, 1, 306),
(621, b'1', '2018-02-24 16:57:50', 0, 1, 307),
(622, b'1', '2018-04-18 12:19:39', -1, 6, 308),
(623, b'1', '2018-02-18 18:36:19', 0, 1, 309),
(624, b'1', '2018-02-25 12:50:36', 0, 3, 310),
(625, b'1', '2018-04-20 15:37:08', 1, 15, 311),
(626, b'1', '2018-02-24 16:58:28', 0, 2, 312),
(627, b'1', '2018-02-25 12:50:02', 0, 3, 313),
(628, b'1', '2018-04-20 15:36:18', 0, 9, 314),
(629, b'0', '2018-04-24 11:11:45', -1, 10, 315),
(630, b'0', '2018-04-14 17:17:59', -1, 10, 316),
(631, b'0', '2018-04-18 12:10:00', -1, 7, 317),
(632, b'1', '2018-02-25 12:50:05', 0, 3, 315),
(633, b'1', '2018-04-20 15:32:52', 0, 17, 316),
(634, b'1', '2018-04-18 12:20:06', -1, 6, 317),
(635, b'0', '2018-04-18 12:12:45', -1, 6, 318),
(636, b'0', '2018-04-13 11:02:07', -1, 17, 319),
(637, b'0', '2018-04-18 12:12:59', -1, 6, 320),
(638, b'0', '2018-05-04 16:02:52', -1, 4, 321),
(639, b'0', '2018-05-04 16:02:40', 1, 4, 322),
(640, b'1', '2018-02-25 12:50:08', 0, 3, 318),
(641, b'1', '2018-04-13 18:01:20', -1, 12, 319),
(642, b'1', '2018-04-19 10:38:14', -1, 6, 320),
(643, b'1', '2018-02-18 18:35:54', 0, 1, 321),
(644, b'1', '2018-04-14 17:19:37', -1, 9, 322),
(645, b'0', '2018-04-14 17:17:20', -1, 12, 323),
(646, b'0', '2018-04-16 15:24:44', -1, 14, 324),
(647, b'1', '2018-04-16 15:27:26', -1, 8, 323),
(648, b'1', '2018-02-18 18:35:58', 0, 1, 324),
(649, b'0', '2018-04-14 17:17:53', -1, 10, 325),
(650, b'0', '2018-02-24 16:41:51', 0, 1, 326),
(651, b'1', '2018-04-16 15:26:51', -1, 10, 325),
(652, b'1', '2018-04-16 15:27:29', -1, 8, 326),
(653, b'0', '2018-04-01 22:55:56', -1, 2, 327),
(654, b'0', '2018-02-24 16:42:44', 0, 1, 328),
(655, b'0', '2018-04-14 17:18:02', -1, 10, 329),
(656, b'0', '2018-02-18 18:34:09', 0, 1, 330),
(657, b'1', '2018-02-18 18:38:27', 0, 1, 327),
(658, b'1', '2018-02-18 18:37:58', 0, 1, 328),
(659, b'1', '2018-04-13 18:01:09', -1, 12, 329),
(660, b'1', '2018-04-18 12:18:19', -1, 7, 330),
(661, b'0', '2018-02-25 12:55:36', 0, 2, 331),
(662, b'1', '2018-02-24 16:58:09', 0, 1, 331),
(663, b'0', '2018-04-01 22:51:04', 0, 1, 332),
(664, b'0', '2018-04-01 22:51:09', 0, 1, 333),
(665, b'0', '2018-05-04 16:02:56', -1, 4, 334),
(666, b'0', '2018-04-01 22:51:13', 0, 1, 335),
(667, b'1', '2018-04-19 10:34:46', 0, 7, 332),
(668, b'1', '2018-04-09 17:23:39', 0, 3, 333),
(669, b'1', '2018-04-16 15:27:24', -1, 8, 334),
(670, b'1', '2018-04-09 17:23:37', 0, 3, 335),
(671, b'1', '2018-04-09 17:23:42', 0, 3, 336),
(672, b'0', '2018-05-04 16:03:37', -1, 4, 336),
(673, b'0', '2018-04-01 22:51:20', 0, 1, 337),
(674, b'1', '2018-04-01 17:24:13', 0, 1, 337),
(675, b'0', '2018-05-04 16:03:30', 1, 4, 338),
(676, b'0', '2018-04-18 12:09:18', -1, 8, 339),
(677, b'1', '2018-04-20 15:32:43', 3, 8, 338),
(678, b'1', '2018-04-13 15:47:56', 0, 3, 339),
(679, b'0', '2018-05-04 16:01:41', -1, 4, 340),
(680, b'1', '2018-04-13 15:47:58', 0, 3, 340),
(681, b'0', '2018-04-18 12:09:06', -1, 10, 341),
(682, b'1', '2018-04-20 15:36:54', 0, 5, 341),
(683, b'0', '2018-04-10 10:53:21', 0, 1, 342),
(684, b'1', '2018-04-11 10:26:57', 0, 2, 342),
(685, b'0', '2018-04-20 15:29:50', -1, 5, 343),
(686, b'1', '2018-04-13 15:44:57', 0, 1, 343),
(687, b'0', '2018-05-04 16:02:21', 1, 4, 344),
(688, b'1', '2018-04-18 12:18:54', 0, 1, 344),
(689, b'0', '2018-04-17 11:46:12', 0, 1, 345),
(690, b'1', '2018-04-19 10:35:49', 0, 2, 345),
(691, b'0', '2018-04-23 10:27:23', -1, 1, 346),
(692, b'1', '2018-04-20 15:37:00', -1, 1, 346),
(693, b'0', '2018-05-04 15:59:25', 0, 1, 347),
(694, b'1', NULL, 0, 0, 347);

-- --------------------------------------------------------

--
-- Table structure for table `user`
--

CREATE TABLE IF NOT EXISTS `user` (
`id` bigint(20) NOT NULL,
  `login` varchar(255) COLLATE utf8_bin DEFAULT NULL,
  `pass` varchar(255) COLLATE utf8_bin DEFAULT NULL
) ENGINE=InnoDB AUTO_INCREMENT=3 DEFAULT CHARSET=utf8 COLLATE=utf8_bin;

--
-- Dumping data for table `user`
--

INSERT INTO `user` (`id`, `login`, `pass`) VALUES
(1, 'igrek', 'dupa'),
(2, 'jarek', 'dupa');

-- --------------------------------------------------------

--
-- Table structure for table `user_word`
--

CREATE TABLE IF NOT EXISTS `user_word` (
`id` bigint(20) NOT NULL,
  `user_id` bigint(20) NOT NULL,
  `word_id` bigint(20) NOT NULL
) ENGINE=InnoDB AUTO_INCREMENT=348 DEFAULT CHARSET=utf8 COLLATE=utf8_bin;

--
-- Dumping data for table `user_word`
--

INSERT INTO `user_word` (`id`, `user_id`, `word_id`) VALUES
(1, 1, 1),
(2, 1, 2),
(3, 1, 3),
(4, 1, 4),
(5, 1, 5),
(6, 1, 6),
(7, 1, 7),
(8, 1, 8),
(9, 1, 9),
(10, 1, 10),
(11, 1, 11),
(12, 1, 12),
(13, 1, 13),
(14, 1, 14),
(15, 1, 15),
(16, 1, 16),
(17, 1, 17),
(18, 1, 18),
(19, 1, 19),
(20, 1, 20),
(21, 1, 21),
(22, 1, 22),
(23, 1, 23),
(24, 1, 24),
(25, 1, 25),
(26, 1, 26),
(27, 1, 27),
(28, 1, 28),
(29, 1, 29),
(30, 1, 30),
(31, 1, 31),
(32, 1, 32),
(33, 1, 33),
(34, 1, 34),
(35, 1, 35),
(36, 1, 36),
(37, 1, 37),
(38, 1, 38),
(39, 1, 39),
(40, 1, 40),
(41, 1, 41),
(42, 1, 42),
(43, 1, 43),
(44, 1, 44),
(45, 1, 45),
(46, 1, 46),
(47, 1, 47),
(48, 1, 48),
(49, 1, 49),
(50, 1, 50),
(51, 1, 51),
(52, 1, 52),
(53, 1, 53),
(54, 1, 54),
(55, 1, 55),
(56, 1, 56),
(57, 1, 57),
(58, 1, 58),
(59, 1, 59),
(60, 1, 60),
(61, 1, 61),
(62, 1, 62),
(63, 1, 63),
(64, 1, 64),
(65, 1, 65),
(66, 1, 66),
(67, 1, 67),
(68, 1, 68),
(69, 1, 69),
(70, 1, 70),
(71, 1, 71),
(72, 1, 72),
(73, 1, 73),
(74, 1, 74),
(75, 1, 75),
(76, 1, 76),
(77, 1, 77),
(78, 1, 78),
(79, 1, 79),
(80, 1, 80),
(81, 1, 81),
(82, 1, 82),
(83, 1, 83),
(84, 1, 84),
(85, 1, 85),
(86, 1, 86),
(87, 1, 87),
(88, 1, 88),
(89, 1, 89),
(90, 1, 90),
(91, 1, 91),
(92, 1, 92),
(93, 1, 93),
(94, 1, 94),
(95, 1, 95),
(96, 1, 96),
(97, 1, 97),
(98, 1, 98),
(99, 1, 99),
(100, 1, 100),
(101, 1, 101),
(102, 1, 102),
(103, 1, 103),
(104, 1, 104),
(105, 1, 105),
(106, 1, 106),
(107, 1, 107),
(108, 1, 108),
(109, 1, 109),
(110, 1, 110),
(111, 1, 111),
(112, 1, 112),
(113, 1, 113),
(114, 1, 114),
(115, 1, 115),
(116, 1, 116),
(117, 1, 117),
(118, 1, 118),
(119, 1, 119),
(120, 1, 120),
(121, 1, 121),
(122, 1, 122),
(123, 1, 123),
(124, 1, 124),
(125, 1, 125),
(126, 1, 126),
(127, 1, 127),
(128, 1, 128),
(129, 1, 129),
(130, 1, 130),
(131, 1, 131),
(132, 1, 132),
(133, 1, 133),
(134, 1, 134),
(135, 1, 135),
(136, 1, 136),
(137, 1, 137),
(138, 1, 138),
(139, 1, 139),
(140, 1, 140),
(141, 1, 141),
(142, 1, 142),
(143, 1, 143),
(144, 1, 144),
(145, 1, 145),
(146, 1, 146),
(147, 1, 147),
(148, 1, 148),
(149, 1, 149),
(150, 1, 150),
(151, 1, 151),
(152, 1, 152),
(153, 1, 153),
(154, 1, 154),
(155, 1, 155),
(156, 1, 156),
(157, 1, 157),
(158, 1, 158),
(159, 1, 159),
(160, 1, 160),
(161, 1, 161),
(162, 1, 162),
(163, 1, 163),
(164, 1, 164),
(165, 1, 165),
(166, 1, 166),
(167, 1, 167),
(168, 1, 168),
(169, 1, 169),
(170, 1, 170),
(171, 1, 171),
(172, 1, 172),
(173, 1, 173),
(174, 1, 174),
(175, 1, 175),
(176, 1, 176),
(177, 1, 177),
(178, 1, 178),
(179, 1, 179),
(180, 1, 180),
(181, 1, 181),
(182, 1, 182),
(183, 1, 183),
(184, 1, 184),
(185, 1, 185),
(186, 1, 186),
(187, 1, 187),
(188, 1, 188),
(189, 1, 189),
(190, 1, 190),
(191, 1, 191),
(192, 1, 192),
(193, 1, 193),
(194, 1, 194),
(195, 1, 195),
(196, 1, 196),
(197, 1, 197),
(198, 1, 198),
(199, 1, 199),
(200, 1, 200),
(201, 1, 201),
(202, 1, 202),
(203, 1, 203),
(204, 1, 204),
(205, 1, 205),
(206, 1, 206),
(207, 1, 207),
(208, 1, 208),
(209, 1, 209),
(210, 1, 210),
(211, 1, 211),
(213, 1, 213),
(214, 1, 214),
(215, 1, 215),
(216, 1, 216),
(217, 1, 217),
(218, 1, 218),
(219, 1, 219),
(220, 1, 220),
(221, 1, 221),
(222, 1, 222),
(271, 1, 271),
(272, 1, 272),
(273, 1, 273),
(274, 1, 274),
(275, 1, 275),
(276, 1, 276),
(277, 1, 277),
(278, 1, 278),
(279, 1, 279),
(280, 1, 280),
(281, 1, 281),
(282, 1, 282),
(283, 1, 283),
(284, 1, 284),
(285, 1, 285),
(286, 1, 286),
(287, 1, 287),
(288, 1, 288),
(289, 1, 289),
(290, 1, 290),
(291, 1, 291),
(292, 1, 292),
(293, 1, 293),
(294, 1, 294),
(295, 1, 295),
(296, 1, 296),
(297, 1, 297),
(298, 1, 298),
(299, 1, 299),
(300, 1, 300),
(301, 1, 301),
(302, 1, 302),
(303, 1, 303),
(304, 1, 304),
(305, 1, 305),
(306, 1, 306),
(307, 1, 307),
(308, 1, 308),
(309, 1, 309),
(310, 1, 310),
(311, 1, 311),
(312, 1, 312),
(313, 1, 313),
(314, 1, 314),
(315, 1, 315),
(316, 1, 316),
(317, 1, 317),
(318, 1, 318),
(319, 1, 319),
(320, 1, 320),
(321, 1, 321),
(322, 1, 322),
(323, 1, 323),
(324, 1, 324),
(325, 1, 325),
(326, 1, 326),
(327, 1, 327),
(328, 1, 328),
(329, 1, 329),
(330, 1, 330),
(331, 1, 331),
(332, 1, 332),
(333, 1, 333),
(334, 1, 334),
(335, 1, 335),
(336, 1, 336),
(337, 1, 337),
(338, 1, 338),
(339, 1, 339),
(340, 1, 340),
(341, 1, 341),
(342, 1, 342),
(343, 1, 343),
(344, 1, 344),
(345, 1, 345),
(346, 1, 346),
(347, 1, 347),
(223, 2, 223),
(224, 2, 224),
(225, 2, 225),
(226, 2, 226),
(227, 2, 227),
(228, 2, 228),
(229, 2, 229),
(230, 2, 230),
(231, 2, 231),
(232, 2, 232),
(233, 2, 233),
(234, 2, 234),
(235, 2, 235),
(236, 2, 236),
(237, 2, 237),
(238, 2, 238),
(239, 2, 239),
(240, 2, 240),
(241, 2, 241),
(242, 2, 242),
(243, 2, 243),
(244, 2, 244),
(245, 2, 245),
(246, 2, 246),
(247, 2, 247),
(248, 2, 248),
(249, 2, 249),
(250, 2, 250),
(251, 2, 251),
(252, 2, 252),
(253, 2, 253),
(254, 2, 254),
(255, 2, 255),
(256, 2, 256),
(257, 2, 257),
(258, 2, 258),
(259, 2, 259),
(260, 2, 260),
(261, 2, 261),
(262, 2, 262),
(263, 2, 263),
(264, 2, 264),
(265, 2, 265),
(266, 2, 266),
(267, 2, 267),
(268, 2, 268),
(269, 2, 269),
(270, 2, 270);

-- --------------------------------------------------------

--
-- Table structure for table `word`
--

CREATE TABLE IF NOT EXISTS `word` (
`id` bigint(20) NOT NULL,
  `dictionary_id` bigint(20) NOT NULL,
  `name` varchar(255) COLLATE utf8_bin NOT NULL,
  `definition` varchar(255) COLLATE utf8_bin NOT NULL
) ENGINE=InnoDB AUTO_INCREMENT=348 DEFAULT CHARSET=utf8 COLLATE=utf8_bin;

--
-- Dumping data for table `word`
--

INSERT INTO `word` (`id`, `dictionary_id`, `name`, `definition`) VALUES
(1, 1, 'associate', 'wspólnik, kojarzyć'),
(2, 1, 'assess', 'oceniać'),
(3, 1, 'legitimate', 'uzasadniony'),
(4, 1, 'admittedly', 'umyślnie'),
(5, 1, 'contemporary', 'współczesny'),
(6, 1, 'ubiquitous', 'wszechobecny'),
(7, 1, 'brevity', 'zwięzłość'),
(8, 1, 'comprise', 'zawierać, składać się'),
(9, 1, 'devour', 'pożerać'),
(10, 1, 'strive', 'starać się'),
(11, 1, 'utter', 'kompletny'),
(12, 1, 'defer', 'opóźniać, odraczać'),
(13, 1, 'undergo', 'zostać poddanym'),
(14, 1, 'tedious', 'nudny'),
(15, 1, 'in turn', 'z kolei'),
(16, 1, 'immanent', 'nieodłączny'),
(17, 1, 'merit', 'zasługa'),
(18, 1, 'severe', 'silny, surowy'),
(19, 1, 'thorough', 'gruntowny, dokładny'),
(20, 1, 'throughout', 'w całym'),
(21, 1, 'eminent', 'wybitny'),
(22, 1, 'decoupled', 'oddzielony'),
(23, 1, 'composite', 'łączny'),
(24, 1, 'detour', 'objazd'),
(25, 1, 'admit', 'przyznawać się, wpuszczać'),
(26, 1, 'accordingly', 'w związku z tym, odpowiednio'),
(27, 1, 'depict', 'przedstawiać'),
(28, 1, 'conceive', 'obmyślić, pojąć'),
(29, 1, 'reminiscent', 'pamiętny'),
(30, 1, 'superficial', 'powierzchowny'),
(31, 1, 'robust', 'silny, solidny'),
(32, 1, 'elaborate', 'opracować, rozwijać, dopracowany, zawiły'),
(33, 1, 'leap', 'skok'),
(34, 1, 'intricate', 'zawiły'),
(35, 1, 'contrive', 'obmyślać'),
(36, 1, 'notion', 'pojęcie'),
(37, 1, 'compliant', 'zgodny'),
(38, 1, 'intimidate', 'zastraszać'),
(39, 1, 'prominent', 'wybitny'),
(40, 1, 'protuberant', 'wypukły'),
(41, 1, 'in terms of', 'jeśli chodzi o, pod względem, z punktu widzenia'),
(42, 1, 'vulnerable', 'podatny'),
(43, 1, 'leverage', 'wpływ, wykorzystać'),
(44, 1, 'eligible', 'nadający się'),
(45, 1, 'deliberate', 'celowy, przemyślany, rozważać'),
(46, 1, 'substantial', 'znaczny'),
(47, 1, 'compartment', 'przegroda'),
(48, 1, 'concise', 'zwięzły'),
(49, 1, 'oath', 'przysięga, przekleństwo'),
(50, 1, 'derelict', 'porzucony'),
(51, 1, 'endow', 'obdarzyć'),
(52, 1, 'nudge', 'trącić'),
(53, 1, 'thaw', 'odwilż, rozmrażać'),
(54, 1, 'bifurcate', 'rozwidlać się'),
(55, 1, 'dispatch', 'wysyłać'),
(56, 1, 'summit', 'szczyt, wierzchołek'),
(57, 1, 'retain', 'zachować'),
(58, 1, 'prone', 'skłonny'),
(59, 1, 'prune', 'redukować, przycinać'),
(60, 1, 'implicit', 'domniemany'),
(61, 1, 'explicit', 'wyraźny'),
(62, 1, 'distinct', 'oddzielny, wyrazisty'),
(63, 1, 'rupture', 'pęknięcie'),
(64, 1, 'reciprocal', 'odwrotność, wzajemny, obustronny'),
(65, 1, 'obsolete', 'przestarzały'),
(66, 1, 'constraint', 'ograniczenie, przymus'),
(67, 1, 'insolence', 'zuchwałość'),
(68, 1, 'comprehend', 'zrozumieć'),
(69, 1, 'comprehensible', 'zrozumiały'),
(70, 1, 'comprehensive', 'wszechstronny, pełny'),
(71, 1, 'auxiliary', 'pomocniczy'),
(72, 1, 'forsake', 'porzucic'),
(73, 1, 'ancestry', 'pochodzenie'),
(74, 1, 'recipient', 'odbiorca'),
(75, 1, 'sake', 'wzgląd'),
(76, 1, 'endeavour', 'usiłować, dążenie'),
(77, 1, 'retrieve', 'odzyskać'),
(78, 1, 'retract', 'wycofać'),
(79, 1, 'commit', 'powierzać, oddać'),
(80, 1, 'commitment', 'zobowiązanie'),
(81, 1, 'aggregate', 'sumaryczny'),
(82, 1, 'stash', 'schować na potem'),
(83, 1, 'amend', 'poprawić'),
(84, 1, 'vicious', 'zły, złośliwy'),
(85, 1, 'loom', 'wynurzać się (z mgły)'),
(86, 1, 'twine', 'wykręcać'),
(87, 1, 'bundle', 'wiązka'),
(88, 1, 'invoke', 'odwołać się, wezwać'),
(89, 1, 'scaffolding', 'rusztowanie'),
(90, 1, 'tenant', 'lokator'),
(91, 1, 'rampart', 'wał'),
(92, 1, 'decent', 'przyzwoity'),
(93, 1, 'precede', 'poprzedzać'),
(94, 1, 'obliterate', 'wymazać'),
(95, 1, 'latter', 'drugi'),
(96, 1, 'encounter', 'natknąć się, starcie'),
(97, 1, 'clutter', 'nieład'),
(98, 1, 'cluster', 'grupa'),
(99, 1, 'superfluous', 'zbędny'),
(100, 1, 'unobtrusive', 'dyskretny'),
(101, 1, 'descendant', 'potomek'),
(102, 1, 'unlikely', 'mało prawdopodobne'),
(103, 1, 'repel', 'odpychać'),
(104, 1, 'barley', 'jęczmień'),
(105, 1, 'wheat', 'pszenica'),
(106, 1, 'yeast', 'drożdże'),
(107, 1, 'maize', 'kukurydza'),
(108, 1, 'ripen', 'dojrzewać'),
(109, 1, 'outweigh', 'przeważać'),
(110, 1, 'perimeter', 'obwód'),
(111, 1, 'despicable', 'podły'),
(112, 1, 'synopsis', 'streszczenie'),
(113, 1, 'concurrent', 'współbieżny'),
(114, 1, 'coincident', 'zbieżny, zgodny, równoczesny'),
(115, 1, 'plausible', 'prawdopodobny, wiarygodny'),
(116, 1, 'parcel', 'paczka'),
(117, 1, 'dignity', 'godność'),
(118, 1, 'persistent', 'trwały'),
(119, 1, 'ellipsis', 'wielokropek'),
(120, 1, 'seal off', 'zamykać dostęp do'),
(121, 1, 'breach', 'wyłom, przełamać'),
(122, 1, 'spurious', 'nieprawdziwy'),
(123, 1, 'ambiguous', 'dwuznaczny'),
(124, 1, 'ostensibly', 'rzekomo'),
(125, 1, 'propriety', 'stosowność'),
(126, 1, 'proprietary', 'własny, firmowy'),
(127, 1, 'scarce', 'ograniczony'),
(128, 1, 'quotas', 'przydział'),
(129, 1, 'bias', 'odchyłka, stronniczość, uprzedzenie'),
(130, 1, 'cater', 'zaopatrywać'),
(131, 1, 'cumbersome', 'niewygodny'),
(132, 1, 'payload', 'ładunek'),
(133, 1, 'sentry', 'wartownik'),
(134, 1, 'suffice', 'wystarczać'),
(135, 1, 'designate', 'wyznaczać'),
(136, 1, 'denote', 'oznaczyć'),
(137, 1, 'tier', 'poziom, warstwa'),
(138, 1, 'subsequent', 'późniejszy'),
(139, 1, 'frontier', 'granica'),
(140, 1, 'depiction', 'opis'),
(141, 1, 'invoice', 'faktura'),
(142, 1, 'inference', 'wnioskowanie'),
(143, 1, 'crucial', 'rozstrzygający'),
(144, 1, 'suppress', 'stłumić'),
(145, 1, 'affinity', 'podobieństwo'),
(146, 1, 'augmented', 'rozszerzony'),
(147, 1, 'inhabitant', 'mieszkaniec'),
(148, 1, 'mock', 'próbny'),
(149, 1, 'intercept', 'przechwytywać'),
(150, 1, 'decline', 'spadek, podupadać'),
(151, 1, 'cognitive', 'poznawczy'),
(152, 1, 'contiguous', 'przyległy'),
(153, 1, 'collate', 'zestawić'),
(154, 1, 'verbatim', 'dosłownie'),
(155, 1, 'coercion', 'wymuszenie, przymus'),
(156, 1, 'thoroughly', 'całkowicie'),
(157, 1, 'unattended', 'bez nadzoru'),
(158, 1, 'nonetheless', 'pomimo to'),
(159, 1, 'precedence', 'pierwszeństwo'),
(160, 1, 'pedigree', 'rodowód'),
(161, 1, 'solely', 'jedynie, wyłącznie'),
(162, 1, 'merely', 'jedynie'),
(163, 1, 'conform', 'dostosowywać się'),
(164, 1, 'contradiction', 'sprzeczność'),
(165, 1, 'compel', 'zmuszać'),
(166, 1, 'inhibit', 'powstrzymywać'),
(167, 1, 'verity', 'prawda'),
(168, 1, 'recede', 'cofać się'),
(169, 1, 'scatter', 'rozrzucać, rozproszyć się'),
(170, 1, 'bulk', 'hurt'),
(171, 1, 'evade', 'unikać'),
(172, 1, 'assessment', 'oszacowanie'),
(173, 1, 'abruptly', 'nagle'),
(174, 1, 'perseverance', 'wytrwałość'),
(175, 1, 'hence', 'stąd'),
(176, 1, 'resort', 'uciekać się, uciekanie się'),
(177, 1, 'as a last resort', 'w ostateczności'),
(178, 1, 'invariant', 'niezmienny'),
(179, 1, 'sophisticated', 'wyrafinowany'),
(180, 1, 'refer to', 'oznaczać, odnosić się do, korzystać z'),
(181, 1, 'due to', 'z powodu'),
(182, 1, 'tread', 'chód, bieżnik'),
(183, 1, 'reluctant', 'niechętny'),
(184, 1, 'consecutive', 'kolejny'),
(185, 1, 'stare', 'gapić się'),
(186, 1, 'viral', 'wirusowy'),
(187, 1, 'subvert', 'obalać'),
(188, 1, 'dormant', 'bezczynny, śpiący'),
(189, 1, 'fragrance', 'zapach'),
(190, 1, 'stake', 'kołek, stawka, obstawiać'),
(191, 1, 'streak', 'pasmo, smuga'),
(192, 1, 'sustain', 'podtrzymywać'),
(193, 1, 'spree', 'hulanka, szał'),
(194, 1, 'perpetual', 'wieczny'),
(195, 1, 'lurk', 'czaić się'),
(196, 1, 'peek', 'zerkać'),
(197, 1, 'peak', 'szczyt'),
(198, 1, 'compulsory', 'przymusowy'),
(199, 1, 'bizarre', 'dziwaczny'),
(200, 1, 'ultimate', 'ostateczny, największy'),
(201, 1, 'latch', 'zatrzask'),
(202, 1, 'grieve', 'smucić się'),
(203, 1, 'mutually', 'wzajemnie'),
(204, 1, 'cohesion', 'spójność'),
(205, 1, 'revoke', 'unieważniać'),
(206, 1, 'endurance', 'wytrzymałość'),
(207, 1, 'diminish', 'pomniejszać'),
(208, 1, 'disrupt', 'zakłócać, krzyżować'),
(209, 1, 'altogether', 'całkowicie, generalnie'),
(210, 1, 'yield', 'zysk, przynosić plon, ustępować'),
(211, 1, 'negligible', 'nieistotny'),
(213, 1, 'albeit', 'aczkolwiek'),
(214, 1, 'thyme', 'tymianek'),
(215, 1, 'prior to', 'przed'),
(216, 1, 'extent', 'zakres, zasięg'),
(217, 1, 'surplus', 'nadmiar, nadmiarowy'),
(218, 1, 'breed', 'hodować'),
(219, 1, 'thus', 'a zatem'),
(220, 1, 'remarkable', 'nadzwyczajny'),
(221, 1, 'mediocre', 'przeciętny, mierny'),
(222, 1, 'meaningful', 'sensowny'),
(223, 1, 'my bias', 'moje podejście, nastawienie, punkt widzenia'),
(224, 1, 'twofold', 'dwojaki'),
(225, 1, 'grasp', 'chwycić, zrozumieć'),
(226, 1, 'grab', 'chwycić, złapać'),
(227, 1, 'canvas', 'płótno np do malowania, pojęcie wykorzystywane w programowaniu w kontekście rysowania grafik'),
(228, 1, 'stilted', 'nienaturalny'),
(229, 1, 'invaluable', 'nieceniony'),
(230, 1, 'prevents', 'zapobiega'),
(231, 1, 'explicitly', 'wyraźnie'),
(232, 1, 'strive', 'starać się'),
(233, 1, 'scarce', 'deficytowy'),
(234, 1, 'exhausting', 'wyczerpujący'),
(235, 1, 'internally', 'wewnętrznie'),
(236, 1, 'obscured', 'zasłonięte'),
(237, 1, 'reminiscing', 'przywoływanie wspomnień'),
(238, 1, 'coverage', 'reportaż, omówienie prasowe, pokrycie'),
(239, 1, 'comprehensive', 'wszechstronny, obszerny'),
(240, 1, 'efforts', 'starania'),
(241, 1, 'press release', 'komunikat prasowy'),
(242, 1, 'fees', 'opłaty'),
(243, 1, 'redeem', 'wykupić, odkupić'),
(244, 1, 'audit', 'sprawdzenie, rewizja'),
(245, 1, 'sublime', 'wzniosły, idealny, wysublimowany'),
(246, 1, 'contribute', 'przyczynić się, wnieść wkład'),
(247, 1, 'utilize', 'wykorzystać, eksploatować'),
(248, 1, 'prompt', 'skłonić, namówić'),
(249, 1, 'assumption', 'założenie, hipoteza'),
(250, 1, 'attempt', 'próba, usiłowanie'),
(251, 1, 'appropriate', 'właściwy, stosowny'),
(252, 1, 'robust', 'silny, krzepki'),
(253, 1, 'home theater', 'kino domowe'),
(254, 1, 'puberty', 'dojrzewanie płciowe'),
(255, 1, 'omitting', 'pomijać'),
(256, 1, 'consecutive', 'kolejny, nieprzerwany, seryjny, następujący po czymś'),
(257, 1, 'auxiliary', 'Pomocniczy, posiłkowy'),
(258, 1, 'scheduled', 'planowy'),
(259, 1, 'suppress', 'stłumić, znieść'),
(260, 1, 'declined', 'odrzucony'),
(261, 1, 'quote', 'cytować'),
(262, 1, 'tender', 'delikatny'),
(263, 1, 'wreck', 'wrak'),
(264, 1, 'tribute', 'hołd, uznanie'),
(265, 1, 'explicit', 'wyraźny, kategoryczny'),
(266, 1, 'white paper', 'dokument reklamujący jakiś produkt ( ma jeszcze inne znaczenia )'),
(267, 1, 'resource efficiency', 'efektywność wykorzystania zasobów'),
(268, 1, 'sequality', 'sekwencja'),
(269, 1, 'executive', 'wykonawczy'),
(270, 1, 'executive summary', 'streszczenie'),
(271, 1, 'redeem', 'wykupić, odkupić'),
(272, 1, 'stilted', 'nienaturalny, wymuszony'),
(273, 1, 'twofold', 'dwojaki, dwukrotny'),
(274, 1, 'sublime', 'wzniosły, idealny, wysublimowany'),
(275, 1, 'grasp', 'chwytać, zrozumieć'),
(276, 1, 'ward', 'oddział, dzielnica'),
(277, 1, 'conceal', 'ukrywać'),
(278, 1, 'respectively', 'odpowiednio'),
(279, 1, 'resilient', 'sprężysty'),
(280, 1, 'postpone', 'odraczać'),
(281, 1, 'reconcile', 'pogodzić'),
(282, 1, 'state of the art', 'współczesny stan wiedzy'),
(283, 1, 'overhaul', 'przegląd'),
(284, 1, 'primordial', 'pierwotny'),
(285, 1, 'cogged', 'zębaty'),
(286, 1, 'rack', 'półka, stojak'),
(287, 1, 'tremble', 'drżeć'),
(288, 1, 'anxiety', 'niepokój'),
(289, 1, 'frail', 'słaby, wątły'),
(290, 1, 'sip', 'łyk'),
(291, 1, 'audible', 'słyszalny'),
(292, 1, 'discretionary', 'nieobowiązkowy'),
(293, 1, 'spouse', 'małżonek, małżonka'),
(294, 1, 'consolation', 'pocieszenie'),
(295, 1, 'stand by', 'być gotowym, wspierać'),
(296, 1, 'hang around', 'pałętać się'),
(297, 1, 'beguile', 'mamić'),
(298, 1, 'toss', 'rzucać'),
(299, 1, 'tentative', 'niepewny, wstępny'),
(300, 1, 'grim', 'ponury'),
(301, 1, 'alike', 'podobnie, podobny'),
(302, 1, 'swell', 'narastać'),
(303, 1, 'menace', 'groźba, zagrożenie'),
(304, 1, 'quarrel', 'kłótnia, kłócić się'),
(305, 1, 'premises', 'siedziba, teren'),
(306, 1, 'compulsive', 'przymusowy'),
(307, 1, 'chairman', 'przewodniczący, prezes'),
(308, 1, 'diffuse', 'rozproszony'),
(309, 1, 'be at the mercy of', 'być zdanym na łaskę'),
(310, 1, 'disparity', 'nierówność'),
(311, 1, 'infringement', 'naruszenie'),
(312, 1, 'diversity', 'różnorodność'),
(313, 1, 'admissible', 'dopuszczalny'),
(314, 1, 'neat', 'staranny'),
(315, 1, 'superior', 'lepszy, starszy'),
(316, 1, 'shortcoming', 'mankament, niedostatek'),
(317, 1, 'discrepancy', 'rozbieżność'),
(318, 1, 'feasible', 'wykonalny'),
(319, 1, 'neglect', 'zaniedbywać, zaniedbanie'),
(320, 1, 'excerpt', 'urywek, fragment, wyjątek'),
(321, 1, 'burden', 'obciążenie'),
(322, 1, 'suitable', 'odpowiedni'),
(323, 1, 'extraneous', 'uboczny'),
(324, 1, 'overcome', 'przezwyciężać'),
(325, 1, 'opinionated', 'zawzięty, zadufany'),
(326, 1, 'successor', 'następca'),
(327, 1, 'efficient', 'wydajny'),
(328, 1, 'effective', 'skuteczny'),
(329, 1, 'vague', 'niejasny'),
(330, 1, 'receptacle', 'gniazdo (wtykowe)'),
(331, 1, 'slack', 'luźny'),
(332, 1, 'affection', 'uczucie'),
(333, 1, 'gratitude', 'wdzięczność'),
(334, 1, 'attain', 'osiągnąć'),
(335, 1, 'loathe', 'nienawidzić'),
(336, 1, 'revise', 'poprawić'),
(337, 1, 'intermediary', 'pośrednik'),
(338, 1, 'caveat', 'zastrzeżenie'),
(339, 1, 'interim', 'tymczasowy, przejściowy'),
(340, 1, 'inherently', 'z natury'),
(341, 1, 'innocuous', 'nieszkodliwy'),
(342, 1, 'opt out', 'zrezygnować'),
(343, 1, 'in moderation', 'z umiarem'),
(344, 1, 'disclose', 'ujawniać'),
(345, 1, 'harsh', 'surowy, ostry'),
(346, 1, 'cease', 'ustawać'),
(347, 1, 'stale', 'nieświeży');

--
-- Indexes for dumped tables
--

--
-- Indexes for table `dictionary`
--
ALTER TABLE `dictionary`
 ADD PRIMARY KEY (`id`), ADD UNIQUE KEY `unique_source_target_language_id` (`source_language_id`,`target_language_id`), ADD KEY `FKdfyihlofn3rpj7g0kpue2nbv9` (`source_language_id`), ADD KEY `FKpuelx1rs0c5w9oiirfkp73plw` (`target_language_id`);

--
-- Indexes for table `language`
--
ALTER TABLE `language`
 ADD PRIMARY KEY (`id`), ADD UNIQUE KEY `unique_code` (`code`);

--
-- Indexes for table `rank`
--
ALTER TABLE `rank`
 ADD PRIMARY KEY (`id`), ADD UNIQUE KEY `unique_user_word_id_reversed_dictionary` (`user_word_id`,`reversed_dictionary`);

--
-- Indexes for table `user`
--
ALTER TABLE `user`
 ADD PRIMARY KEY (`id`);

--
-- Indexes for table `user_word`
--
ALTER TABLE `user_word`
 ADD PRIMARY KEY (`id`), ADD UNIQUE KEY `unique_user_id_word_id` (`user_id`,`word_id`), ADD KEY `FK70vcixbxt7t2lhgcng6ukg74x` (`user_id`), ADD KEY `FKjqlk39web147dg7bn1efkbddk` (`word_id`);

--
-- Indexes for table `word`
--
ALTER TABLE `word`
 ADD PRIMARY KEY (`id`), ADD KEY `FKpevq98n5q80gkuhdf3yik5sba` (`dictionary_id`);

--
-- AUTO_INCREMENT for dumped tables
--

--
-- AUTO_INCREMENT for table `dictionary`
--
ALTER TABLE `dictionary`
MODIFY `id` bigint(20) NOT NULL AUTO_INCREMENT,AUTO_INCREMENT=2;
--
-- AUTO_INCREMENT for table `language`
--
ALTER TABLE `language`
MODIFY `id` bigint(20) NOT NULL AUTO_INCREMENT,AUTO_INCREMENT=3;
--
-- AUTO_INCREMENT for table `rank`
--
ALTER TABLE `rank`
MODIFY `id` bigint(20) NOT NULL AUTO_INCREMENT,AUTO_INCREMENT=695;
--
-- AUTO_INCREMENT for table `user`
--
ALTER TABLE `user`
MODIFY `id` bigint(20) NOT NULL AUTO_INCREMENT,AUTO_INCREMENT=3;
--
-- AUTO_INCREMENT for table `user_word`
--
ALTER TABLE `user_word`
MODIFY `id` bigint(20) NOT NULL AUTO_INCREMENT,AUTO_INCREMENT=348;
--
-- AUTO_INCREMENT for table `word`
--
ALTER TABLE `word`
MODIFY `id` bigint(20) NOT NULL AUTO_INCREMENT,AUTO_INCREMENT=348;
--
-- Constraints for dumped tables
--

--
-- Constraints for table `dictionary`
--
ALTER TABLE `dictionary`
ADD CONSTRAINT `FKdfyihlofn3rpj7g0kpue2nbv9` FOREIGN KEY (`source_language_id`) REFERENCES `language` (`id`),
ADD CONSTRAINT `FKpuelx1rs0c5w9oiirfkp73plw` FOREIGN KEY (`target_language_id`) REFERENCES `language` (`id`);

--
-- Constraints for table `rank`
--
ALTER TABLE `rank`
ADD CONSTRAINT `FKlx47nee3aig7fd95yh6ft45fs` FOREIGN KEY (`user_word_id`) REFERENCES `user_word` (`id`);

--
-- Constraints for table `user_word`
--
ALTER TABLE `user_word`
ADD CONSTRAINT `FK70vcixbxt7t2lhgcng6ukg74x` FOREIGN KEY (`user_id`) REFERENCES `user` (`id`),
ADD CONSTRAINT `FKjqlk39web147dg7bn1efkbddk` FOREIGN KEY (`word_id`) REFERENCES `word` (`id`);

--
-- Constraints for table `word`
--
ALTER TABLE `word`
ADD CONSTRAINT `FKpevq98n5q80gkuhdf3yik5sba` FOREIGN KEY (`dictionary_id`) REFERENCES `dictionary` (`id`);

/*!40101 SET CHARACTER_SET_CLIENT=@OLD_CHARACTER_SET_CLIENT */;
/*!40101 SET CHARACTER_SET_RESULTS=@OLD_CHARACTER_SET_RESULTS */;
/*!40101 SET COLLATION_CONNECTION=@OLD_COLLATION_CONNECTION */;
