-- phpMyAdmin SQL Dump
-- version 4.6.6deb4
-- https://www.phpmyadmin.net/
--
-- Host: localhost:3306
-- Generation Time: Sep 29, 2019 at 11:12 PM
-- Server version: 10.1.26-MariaDB-0+deb9u1
-- PHP Version: 7.0.27-0+deb9u1

SET SQL_MODE = "NO_AUTO_VALUE_ON_ZERO";
SET time_zone = "+00:00";


/*!40101 SET @OLD_CHARACTER_SET_CLIENT=@@CHARACTER_SET_CLIENT */;
/*!40101 SET @OLD_CHARACTER_SET_RESULTS=@@CHARACTER_SET_RESULTS */;
/*!40101 SET @OLD_COLLATION_CONNECTION=@@COLLATION_CONNECTION */;
/*!40101 SET NAMES utf8mb4 */;

--
-- Database: `webdict`
--

-- --------------------------------------------------------

--
-- Table structure for table `dictionary`
--

CREATE TABLE `dictionary` (
  `id` bigint(20) NOT NULL,
  `source_language_id` bigint(20) DEFAULT NULL,
  `target_language_id` bigint(20) DEFAULT NULL
) ENGINE=InnoDB DEFAULT CHARSET=utf8 COLLATE=utf8_bin;

--
-- Dumping data for table `dictionary`
--

INSERT INTO `dictionary` (`id`, `source_language_id`, `target_language_id`) VALUES
(1, 1, 2);

-- --------------------------------------------------------

--
-- Table structure for table `language`
--

CREATE TABLE `language` (
  `id` bigint(20) NOT NULL,
  `code` varchar(255) COLLATE utf8_bin DEFAULT NULL
) ENGINE=InnoDB DEFAULT CHARSET=utf8 COLLATE=utf8_bin;

--
-- Dumping data for table `language`
--

INSERT INTO `language` (`id`, `code`) VALUES
(1, 'en'),
(2, 'pl');

-- --------------------------------------------------------

--
-- Table structure for table `rank`
--

CREATE TABLE `rank` (
  `id` bigint(20) NOT NULL,
  `reversed_dictionary` bit(1) NOT NULL,
  `last_use` datetime DEFAULT NULL,
  `rank_value` double NOT NULL,
  `tries_count` int(11) NOT NULL,
  `user_word_id` bigint(20) DEFAULT NULL
) ENGINE=InnoDB DEFAULT CHARSET=utf8 COLLATE=utf8_bin;

--
-- Dumping data for table `rank`
--

INSERT INTO `rank` (`id`, `reversed_dictionary`, `last_use`, `rank_value`, `tries_count`, `user_word_id`) VALUES
(1, b'0', '2019-07-17 00:33:05', -1, 8, 1),
(2, b'0', '2019-06-30 01:02:02', -1, 7, 2),
(3, b'0', '2018-12-02 17:14:35', -1, 9, 3),
(4, b'0', '2018-12-02 17:14:17', -1, 9, 4),
(5, b'0', '2019-07-27 21:11:43', -1, 3, 5),
(6, b'0', '2019-07-27 21:12:47', -1, 3, 6),
(7, b'0', '2019-07-27 21:10:46', -1, 3, 7),
(8, b'0', '2019-07-27 21:07:53', -1, 8, 8),
(9, b'0', '2019-09-14 13:11:55', 0, 11, 9),
(10, b'0', '2018-12-02 17:12:46', -1, 10, 10),
(11, b'0', '2019-02-10 16:02:38', -1, 8, 11),
(12, b'0', '2019-07-17 23:16:16', -1, 4, 12),
(13, b'0', '2018-09-20 02:53:10', -1, 11, 13),
(14, b'0', '2019-09-16 17:49:19', 1, 5, 14),
(15, b'0', '2019-07-27 21:10:59', -1, 3, 15),
(16, b'0', '2018-09-02 15:15:12', -1, 12, 16),
(17, b'0', '2019-07-27 21:06:52', 0, 8, 17),
(18, b'0', '2019-06-27 08:45:54', -1, 11, 18),
(19, b'0', '2018-08-27 01:27:58', -1, 16, 19),
(20, b'0', '2019-05-04 15:43:26', -1, 10, 20),
(21, b'0', '2019-06-30 01:01:38', -1, 8, 21),
(22, b'0', '2019-07-27 21:09:22', -1, 6, 22),
(23, b'0', '2018-05-08 11:06:36', -2, 20, 23),
(24, b'0', '2019-07-17 00:36:26', -1, 4, 24),
(25, b'0', '2019-07-27 21:09:19', -1, 6, 25),
(26, b'0', '2019-06-16 15:45:22', -1, 47, 26),
(27, b'0', '2018-09-20 02:56:07', -4, 29, 27),
(28, b'0', '2019-07-27 21:08:50', 0, 6, 28),
(29, b'0', '2019-07-02 20:20:50', -1, 7, 29),
(30, b'0', '2019-07-17 00:35:59', -1, 5, 30),
(31, b'0', '2018-10-02 13:55:52', -1, 10, 31),
(32, b'0', '2018-12-02 17:11:16', -1, 10, 32),
(33, b'0', '2019-07-17 00:34:20', -1, 5, 33),
(34, b'0', '2019-02-10 16:02:29', -1, 8, 34),
(35, b'0', '2019-06-27 08:44:50', -1, 14, 35),
(36, b'0', '2019-07-27 21:12:50', -1, 3, 36),
(37, b'0', '2019-07-02 20:23:01', -1, 6, 37),
(38, b'0', '2018-09-02 15:14:59', -1, 12, 38),
(39, b'0', '2019-07-17 00:36:31', -1, 4, 39),
(40, b'0', '2019-06-30 01:01:34', -1, 10, 40),
(41, b'0', '2018-08-30 23:24:24', -1, 15, 41),
(42, b'0', '2019-07-17 23:16:02', -1, 5, 42),
(43, b'0', '2019-07-17 23:16:38', -1, 4, 43),
(44, b'0', '2018-10-02 13:55:41', -1, 10, 44),
(45, b'0', '2018-08-25 09:56:04', -1, 16, 45),
(46, b'0', '2019-07-27 21:12:10', -1, 3, 46),
(47, b'0', '2019-07-27 21:13:30', -1, 3, 47),
(48, b'0', '2018-12-02 17:14:13', -1, 9, 48),
(49, b'0', '2019-07-27 21:12:53', -1, 3, 49),
(50, b'0', '2019-07-17 00:35:46', -1, 5, 50),
(51, b'0', '2019-02-10 16:02:50', -1, 8, 51),
(52, b'0', '2019-07-27 21:13:21', -1, 3, 52),
(53, b'0', '2019-07-27 21:11:59', -1, 3, 53),
(54, b'0', '2019-07-27 21:11:08', -1, 3, 54),
(55, b'0', '2019-07-27 21:07:25', -1, 11, 55),
(56, b'0', '2019-07-27 21:09:14', -1, 6, 56),
(57, b'0', '2019-09-16 17:49:04', 3, 12, 57),
(58, b'0', '2019-07-02 20:21:11', -1, 7, 58),
(59, b'0', '2019-07-27 21:14:45', -1, 3, 59),
(60, b'0', '2019-07-27 21:12:29', -1, 3, 60),
(61, b'0', '2019-07-27 21:12:26', -1, 3, 61),
(62, b'0', '2019-07-02 20:20:26', -1, 7, 62),
(63, b'0', '2019-07-17 23:16:30', -1, 4, 63),
(64, b'0', '2018-10-01 12:19:40', -1, 11, 64),
(65, b'0', '2019-07-17 23:16:13', -1, 4, 65),
(66, b'0', '2019-07-27 21:09:54', -1, 4, 66),
(67, b'0', '2019-07-27 21:10:50', -1, 3, 67),
(68, b'0', '2019-07-17 00:34:42', -1, 5, 68),
(69, b'0', '2018-12-02 17:13:00', -1, 10, 69),
(70, b'0', '2018-08-27 01:27:47', -1, 16, 70),
(71, b'0', '2019-07-17 23:18:15', -1, 4, 71),
(72, b'0', '2019-07-27 21:13:08', -1, 3, 72),
(73, b'0', '2019-07-27 21:12:16', -1, 3, 73),
(74, b'0', '2019-07-27 21:10:57', -1, 3, 74),
(75, b'0', '2019-07-17 00:34:01', -1, 5, 75),
(76, b'0', '2018-08-27 01:28:08', -1, 15, 76),
(77, b'0', '2019-07-27 21:08:14', -1, 7, 77),
(78, b'0', '2019-07-27 21:13:23', -1, 3, 78),
(79, b'0', '2019-07-17 00:33:58', -1, 5, 79),
(80, b'0', '2019-07-17 23:19:28', -1, 4, 80),
(81, b'0', '2019-02-10 16:01:08', -1, 9, 81),
(82, b'0', '2019-02-10 16:01:19', -1, 8, 82),
(83, b'0', '2019-07-27 21:14:41', -1, 3, 83),
(84, b'0', '2019-07-17 23:19:21', -1, 4, 84),
(85, b'0', '2019-02-10 15:59:51', -1, 13, 85),
(86, b'0', '2018-09-02 15:15:07', -1, 12, 86),
(87, b'0', '2019-07-17 23:16:19', -1, 4, 87),
(88, b'0', '2019-07-02 20:21:35', -1, 7, 88),
(89, b'0', '2019-07-17 23:17:03', -1, 4, 89),
(90, b'0', '2019-07-27 21:09:07', -1, 6, 90),
(91, b'0', '2019-07-27 21:10:43', -1, 3, 91),
(92, b'0', '2019-02-10 16:01:58', -1, 8, 92),
(93, b'0', '2019-07-27 21:14:12', -1, 3, 93),
(94, b'0', '2018-05-08 11:06:12', -3, 23, 94),
(95, b'0', '2019-07-17 23:16:24', -1, 4, 95),
(96, b'0', '2019-07-17 23:17:00', -1, 4, 96),
(97, b'0', '2018-05-08 11:06:21', -2, 21, 97),
(98, b'0', '2019-07-02 20:22:26', -1, 6, 98),
(99, b'0', '2019-07-27 21:11:28', -1, 3, 99),
(100, b'0', '2019-07-17 00:33:29', -1, 7, 100),
(101, b'0', '2019-07-27 21:09:45', -1, 4, 101),
(102, b'0', '2019-07-17 23:19:37', -1, 4, 102),
(103, b'0', '2019-07-02 20:22:40', -1, 6, 103),
(104, b'0', '2019-07-27 21:14:51', -1, 3, 104),
(105, b'0', '2019-07-27 21:11:03', -1, 3, 105),
(106, b'0', '2019-09-14 13:12:29', 0, 5, 106),
(107, b'0', '2019-07-27 21:10:21', -1, 4, 107),
(108, b'0', '2019-07-27 21:12:36', -1, 3, 108),
(109, b'0', '2019-07-27 21:07:07', 0, 6, 109),
(110, b'0', '2019-07-27 21:14:31', -1, 3, 110),
(111, b'0', '2019-07-27 21:09:10', -1, 6, 111),
(112, b'0', '2019-07-02 20:20:16', -1, 15, 112),
(113, b'0', '2019-07-27 21:10:26', -1, 4, 113),
(114, b'0', '2019-02-10 16:00:28', -1, 9, 114),
(115, b'0', '2019-07-17 00:32:57', -1, 8, 115),
(116, b'0', '2019-07-27 21:09:32', -1, 4, 116),
(117, b'0', '2019-07-17 23:16:40', -1, 4, 117),
(118, b'0', '2019-07-27 21:09:42', -1, 4, 118),
(119, b'0', '2019-07-27 21:12:43', -1, 3, 119),
(120, b'0', '2019-07-27 21:10:41', -1, 3, 120),
(121, b'0', '2018-10-02 13:56:15', -1, 10, 121),
(122, b'0', '2019-07-27 21:10:53', -1, 3, 122),
(123, b'0', '2019-07-27 21:13:56', -1, 3, 123),
(124, b'0', '2018-10-02 13:55:45', -1, 10, 124),
(125, b'0', '2018-05-08 11:06:18', -2, 21, 125),
(126, b'0', '2018-05-06 13:29:34', -1, 19, 126),
(127, b'0', '2019-09-14 13:11:45', 1, 15, 127),
(128, b'0', '2019-02-10 16:02:47', -1, 8, 128),
(129, b'0', '2019-02-10 16:01:44', -1, 8, 129),
(130, b'0', '2018-10-07 16:40:18', -1, 10, 130),
(131, b'0', '2019-07-27 21:08:23', -1, 7, 131),
(132, b'0', '2019-07-17 00:33:44', -1, 6, 132),
(133, b'0', '2019-07-27 21:13:12', -1, 3, 133),
(134, b'0', '2019-07-27 21:10:32', -1, 4, 134),
(135, b'0', '2018-05-08 11:06:10', -2, 23, 135),
(136, b'0', '2018-09-20 02:55:58', -4, 42, 136),
(137, b'0', '2019-07-27 21:13:26', -1, 3, 137),
(138, b'0', '2018-12-02 17:14:23', -1, 9, 138),
(139, b'0', '2019-07-27 21:08:53', -1, 6, 139),
(140, b'0', '2019-02-10 16:01:28', -1, 8, 140),
(141, b'0', '2019-07-17 23:16:09', -1, 4, 141),
(142, b'0', '2019-07-17 23:19:02', -1, 4, 142),
(143, b'0', '2019-07-17 23:18:07', -1, 4, 143),
(144, b'0', '2019-07-27 21:14:39', -1, 3, 144),
(145, b'0', '2019-07-17 23:18:26', -1, 4, 145),
(146, b'0', '2019-07-27 21:12:32', -1, 3, 146),
(147, b'0', '2019-07-17 00:33:54', -1, 6, 147),
(148, b'0', '2019-07-17 00:32:42', -1, 9, 148),
(149, b'0', '2019-07-27 21:11:57', -1, 3, 149),
(150, b'0', '2018-12-20 23:49:13', -1, 12, 150),
(151, b'0', '2019-07-27 21:14:36', -1, 3, 151),
(152, b'0', '2019-07-27 21:08:18', -1, 7, 152),
(153, b'0', '2019-07-27 21:12:34', -1, 3, 153),
(154, b'0', '2018-09-02 15:15:22', -1, 12, 154),
(155, b'0', '2018-10-02 13:55:49', -1, 10, 155),
(156, b'0', '2019-06-30 01:01:41', -1, 8, 156),
(157, b'0', '2019-07-17 00:34:17', -1, 5, 157),
(158, b'0', '2019-06-27 08:45:40', -1, 11, 158),
(159, b'0', '2019-07-17 23:16:49', -1, 4, 159),
(160, b'0', '2019-07-17 23:15:45', -1, 8, 160),
(161, b'0', '2019-02-10 16:02:31', -1, 8, 161),
(162, b'0', '2019-07-27 21:12:13', -1, 3, 162),
(163, b'0', '2019-07-27 21:07:16', -1, 13, 163),
(164, b'0', '2019-06-30 01:01:59', -1, 8, 164),
(165, b'0', '2019-02-10 16:02:13', -1, 8, 165),
(166, b'0', '2018-08-30 23:24:27', -1, 15, 166),
(167, b'0', '2019-07-17 23:16:22', -1, 4, 167),
(168, b'0', '2019-09-16 17:49:06', 3, 9, 168),
(169, b'0', '2019-07-17 00:35:53', -1, 5, 169),
(170, b'0', '2019-07-17 23:17:09', -1, 4, 170),
(171, b'0', '2019-07-17 00:35:55', -1, 5, 171),
(172, b'0', '2019-07-27 21:12:18', -1, 3, 172),
(173, b'0', '2019-07-17 23:18:51', -1, 4, 173),
(174, b'0', '2019-07-17 00:36:13', -1, 4, 174),
(175, b'0', '2019-07-27 21:12:01', -1, 3, 175),
(176, b'0', '2019-07-17 23:18:48', -1, 4, 176),
(177, b'0', '2019-07-17 00:34:22', -1, 5, 177),
(178, b'0', '2019-07-17 23:18:54', -1, 4, 178),
(179, b'0', '2019-06-27 08:45:30', -1, 13, 179),
(180, b'0', '2019-07-17 00:36:39', -1, 4, 180),
(181, b'0', '2019-07-27 21:11:54', -1, 3, 181),
(182, b'0', '2019-07-02 20:22:07', -1, 6, 182),
(183, b'0', '2018-09-20 02:56:13', -4, 25, 183),
(184, b'0', '2019-07-02 20:22:14', -1, 6, 184),
(185, b'0', '2019-07-17 00:34:51', -1, 5, 185),
(186, b'0', '2019-07-27 21:09:02', -1, 6, 186),
(187, b'0', '2019-07-27 21:09:16', -1, 6, 187),
(188, b'0', '2019-07-17 23:15:48', -1, 6, 188),
(189, b'0', '2019-07-27 21:11:20', -1, 3, 189),
(190, b'0', '2019-07-27 21:08:59', -1, 6, 190),
(191, b'0', '2019-07-27 21:11:16', -1, 3, 191),
(192, b'0', '2019-07-02 20:22:01', -1, 6, 192),
(193, b'0', '2019-07-27 21:13:19', -1, 3, 193),
(194, b'0', '2019-07-17 00:36:33', -1, 4, 194),
(195, b'0', '2018-10-01 12:19:34', -1, 26, 195),
(196, b'0', '2019-07-27 21:14:53', -1, 3, 196),
(197, b'0', '2019-07-27 21:12:08', -1, 3, 197),
(198, b'0', '2019-02-19 23:49:57', -1, 9, 198),
(199, b'0', '2019-07-17 23:18:56', -1, 4, 199),
(200, b'0', '2019-02-10 16:00:24', -1, 9, 200),
(201, b'0', '2019-07-17 00:32:39', -1, 9, 201),
(202, b'0', '2018-08-25 01:28:19', -1, 16, 202),
(203, b'0', '2019-09-14 13:12:56', 0, 4, 203),
(204, b'0', '2018-05-08 11:06:34', -2, 21, 204),
(205, b'0', '2019-06-30 01:01:54', -1, 8, 205),
(206, b'0', '2019-02-10 16:00:03', -1, 11, 206),
(207, b'0', '2019-07-17 23:19:15', -1, 4, 207),
(208, b'0', '2018-09-20 02:53:05', -1, 14, 208),
(209, b'0', '2018-09-20 02:56:10', -4, 27, 209),
(210, b'0', '2019-07-27 21:13:34', -1, 3, 210),
(211, b'0', '2018-09-02 15:14:50', -1, 14, 211),
(213, b'0', '2019-07-27 21:08:41', -1, 6, 213),
(214, b'0', '2019-07-27 21:09:05', -1, 6, 214),
(215, b'0', '2019-07-27 21:07:56', -1, 7, 215),
(216, b'1', '2019-07-17 00:43:26', -1, 5, 1),
(217, b'1', '2018-10-07 01:29:35', -1, 9, 2),
(218, b'1', '2018-09-20 02:54:00', -1, 12, 3),
(219, b'1', '2018-10-07 01:28:55', -1, 10, 4),
(220, b'1', '2019-07-28 12:03:09', 0, 4, 5),
(221, b'1', '2019-07-17 00:38:22', -1, 13, 6),
(222, b'1', '2018-09-02 15:16:12', -1, 13, 7),
(223, b'1', '2018-12-21 00:02:53', -1, 8, 8),
(224, b'1', '2019-07-02 20:17:40', -1, 10, 9),
(225, b'1', '2019-07-28 12:07:37', 1, 7, 10),
(226, b'1', '2018-10-07 01:29:02', -1, 10, 11),
(227, b'1', '2019-07-21 12:03:53', -1, 8, 12),
(228, b'1', '2019-07-28 12:03:33', -1, 10, 13),
(229, b'1', '2018-09-20 02:55:44', -1, 10, 14),
(230, b'1', '2018-10-02 13:56:42', -3, 22, 15),
(231, b'1', '2018-08-25 09:55:11', -1, 17, 16),
(232, b'1', '2019-07-28 12:03:31', -1, 10, 17),
(233, b'1', '2019-07-28 12:00:52', 0, 5, 18),
(234, b'1', '2019-07-17 00:43:52', -1, 5, 19),
(235, b'1', '2019-07-02 20:17:29', -1, 10, 20),
(236, b'1', '2019-07-21 12:06:18', -1, 4, 21),
(237, b'1', '2019-07-28 12:04:05', -1, 7, 22),
(238, b'1', '2019-07-13 17:54:16', -1, 12, 23),
(239, b'1', '2019-07-17 23:20:48', -1, 6, 24),
(240, b'1', '2019-07-21 11:57:10', -1, 5, 25),
(241, b'1', '2018-08-25 09:55:19', -1, 16, 26),
(242, b'1', '2019-07-02 20:17:16', -1, 10, 27),
(243, b'1', '2019-07-28 12:08:32', -1, 9, 28),
(244, b'1', '2019-07-28 12:06:38', -1, 3, 29),
(245, b'1', '2019-07-17 00:46:07', -1, 5, 30),
(246, b'1', '2019-07-21 12:05:13', -1, 9, 31),
(247, b'1', '2018-10-07 01:28:34', -1, 13, 32),
(248, b'1', '2019-07-21 12:03:35', -1, 4, 33),
(249, b'1', '2019-07-21 11:55:27', -1, 7, 34),
(250, b'1', '2019-07-28 12:06:16', -1, 3, 35),
(251, b'1', '2019-07-21 11:55:01', -1, 8, 36),
(252, b'1', '2019-07-17 00:41:31', -1, 6, 37),
(253, b'1', '2018-09-20 02:54:17', -1, 12, 38),
(254, b'1', '2019-07-21 11:56:43', -1, 6, 39),
(255, b'1', '2019-07-21 12:05:30', -1, 4, 40),
(256, b'1', '2019-07-17 00:45:08', -1, 5, 41),
(257, b'1', '2019-07-17 00:42:26', -1, 6, 42),
(258, b'1', '2019-07-28 12:06:32', 1, 3, 43),
(259, b'1', '2019-07-17 00:38:59', -1, 6, 44),
(260, b'1', '2019-07-28 12:04:57', -1, 3, 45),
(261, b'1', '2019-07-21 11:54:50', -1, 8, 46),
(262, b'1', '2019-07-21 11:55:32', -1, 7, 47),
(263, b'1', '2018-10-07 01:29:32', -1, 9, 48),
(264, b'1', '2019-07-17 00:39:55', -1, 6, 49),
(265, b'1', '2019-07-17 00:45:54', -1, 6, 50),
(266, b'1', '2019-07-02 20:17:11', -1, 10, 51),
(267, b'1', '2019-07-17 00:45:33', -1, 4, 52),
(268, b'1', '2019-07-28 12:07:09', -1, 3, 53),
(269, b'1', '2019-07-28 12:08:21', -1, 3, 54),
(270, b'1', '2019-07-21 12:03:32', -1, 4, 55),
(271, b'1', '2019-07-28 12:06:23', -1, 3, 56),
(272, b'1', '2018-08-30 23:26:00', -1, 14, 57),
(273, b'1', '2019-07-21 12:04:33', -1, 4, 58),
(274, b'1', '2019-07-28 12:05:06', -1, 3, 59),
(275, b'1', '2018-12-21 00:02:21', -1, 9, 60),
(276, b'1', '2018-09-20 02:55:41', -1, 10, 61),
(277, b'1', '2019-06-27 08:50:18', -1, 11, 62),
(278, b'1', '2019-07-28 12:05:36', -1, 3, 63),
(279, b'1', '2019-07-28 12:04:21', -1, 6, 64),
(280, b'1', '2018-09-20 02:53:45', -1, 13, 65),
(281, b'1', '2018-08-27 01:29:21', -1, 17, 66),
(282, b'1', '2019-06-27 08:50:34', -1, 9, 67),
(283, b'1', '2018-09-20 02:53:52', -1, 13, 68),
(284, b'1', '2018-10-07 01:29:19', -1, 10, 69),
(285, b'1', '2019-07-02 20:17:59', -1, 10, 70),
(286, b'1', '2019-07-21 11:58:57', -1, 4, 71),
(287, b'1', '2018-08-30 23:25:43', -1, 14, 72),
(288, b'1', '2019-07-13 17:55:42', -2, 7, 73),
(289, b'1', '2019-07-28 12:10:19', 0, 6, 74),
(290, b'1', '2018-12-21 00:02:44', -1, 8, 75),
(291, b'1', '2019-07-28 12:03:37', -1, 9, 76),
(292, b'1', '2019-07-17 00:44:19', -1, 6, 77),
(293, b'1', '2019-07-13 17:54:21', -1, 10, 78),
(294, b'1', '2019-07-21 12:04:24', -1, 4, 79),
(295, b'1', '2019-07-28 12:05:39', -1, 3, 80),
(296, b'1', '2019-07-17 00:43:35', -1, 5, 81),
(297, b'1', '2019-07-21 12:06:47', -1, 4, 82),
(298, b'1', '2018-09-20 02:55:23', -1, 10, 83),
(299, b'1', '2019-07-21 12:04:01', -1, 4, 84),
(300, b'1', '2019-07-21 11:54:45', -1, 8, 85),
(301, b'1', '2019-07-17 00:43:29', -1, 5, 86),
(302, b'1', '2018-08-27 01:29:19', -1, 17, 87),
(303, b'1', '2019-07-21 12:06:07', -1, 4, 88),
(304, b'1', '2019-07-28 12:06:10', -1, 3, 89),
(305, b'1', '2019-06-30 01:03:31', -2, 9, 90),
(306, b'1', '2019-07-17 23:24:48', -1, 11, 91),
(307, b'1', '2019-07-21 12:06:30', -1, 4, 92),
(308, b'1', '2019-07-28 12:05:24', 1, 3, 93),
(309, b'1', '2018-09-02 15:16:15', -1, 13, 94),
(310, b'1', '2018-12-21 00:02:28', -1, 8, 95),
(311, b'1', '2019-07-28 12:05:03', -1, 3, 96),
(312, b'1', '2019-07-28 12:03:02', 0, 4, 97),
(313, b'1', '2019-07-28 12:02:48', 0, 5, 98),
(314, b'1', '2018-09-20 02:55:20', -1, 10, 99),
(315, b'1', '2019-07-13 17:54:29', -1, 10, 100),
(316, b'1', '2019-06-27 08:50:30', -1, 11, 101),
(317, b'1', '2019-07-21 12:04:27', -1, 4, 102),
(318, b'1', '2019-07-21 11:56:45', -1, 6, 103),
(319, b'1', '2019-07-02 20:17:19', -1, 10, 104),
(320, b'1', '2019-06-30 01:03:00', -2, 9, 105),
(321, b'1', '2019-07-28 12:04:52', -1, 3, 106),
(322, b'1', '2019-07-28 12:04:37', -1, 6, 107),
(323, b'1', '2019-07-21 11:54:52', -1, 8, 108),
(324, b'1', '2018-08-25 01:26:57', -1, 18, 109),
(325, b'1', '2019-07-02 20:17:52', -1, 10, 110),
(326, b'1', '2019-07-28 12:04:45', -1, 5, 111),
(327, b'1', '2019-07-17 00:40:09', -1, 6, 112),
(328, b'1', '2018-12-21 00:02:40', -1, 8, 113),
(329, b'1', '2019-07-28 12:03:43', -1, 9, 114),
(330, b'1', '2019-07-17 00:43:05', -1, 6, 115),
(331, b'1', '2019-07-28 12:07:16', -1, 3, 116),
(332, b'1', '2019-07-28 12:05:45', -1, 3, 117),
(333, b'1', '2018-09-14 10:06:47', -1, 13, 118),
(334, b'1', '2019-07-17 00:42:51', -1, 5, 119),
(335, b'1', '2019-07-02 20:17:45', -1, 10, 120),
(336, b'1', '2019-07-21 11:58:06', -1, 4, 121),
(337, b'1', '2018-12-21 00:02:25', -1, 9, 122),
(338, b'1', '2019-07-28 12:08:27', 1, 3, 123),
(339, b'1', '2018-08-30 23:25:24', -1, 14, 124),
(340, b'1', '2019-07-21 11:53:56', -1, 8, 125),
(341, b'1', '2019-07-28 12:04:12', -1, 6, 126),
(342, b'1', '2019-07-28 12:06:58', -1, 3, 127),
(343, b'1', '2019-07-21 12:04:19', -1, 4, 128),
(344, b'1', '2019-07-17 00:43:59', -1, 5, 129),
(345, b'1', '2018-09-20 02:55:38', -1, 10, 130),
(346, b'1', '2018-10-07 01:29:21', -1, 10, 131),
(347, b'1', '2019-07-02 20:17:05', -1, 17, 132),
(348, b'1', '2018-12-21 00:02:48', -1, 8, 133),
(349, b'1', '2018-09-20 02:55:29', -1, 10, 134),
(350, b'1', '2019-07-17 23:24:51', -1, 11, 135),
(351, b'1', '2019-07-21 11:54:58', -1, 8, 136),
(352, b'1', '2019-07-28 12:06:56', -1, 3, 137),
(353, b'1', '2019-07-28 12:02:46', 0, 5, 138),
(354, b'1', '2019-07-21 12:06:44', -1, 4, 139),
(355, b'1', '2019-07-17 00:39:17', -1, 6, 140),
(356, b'1', '2019-07-21 12:05:59', -1, 4, 141),
(357, b'1', '2018-08-25 09:55:25', -1, 14, 142),
(358, b'1', '2018-09-20 02:54:21', -1, 12, 143),
(359, b'1', '2019-07-28 12:07:35', -1, 3, 144),
(360, b'1', '2019-07-28 12:05:34', -1, 3, 145),
(361, b'1', '2019-07-21 11:57:58', -1, 4, 146),
(362, b'1', '2019-07-28 12:03:20', -1, 12, 147),
(363, b'1', '2019-07-17 00:44:33', -1, 5, 148),
(364, b'1', '2019-07-28 12:03:25', -1, 10, 149),
(365, b'1', '2019-07-02 20:17:14', -1, 10, 150),
(366, b'1', '2019-07-28 12:02:50', 0, 5, 151),
(367, b'1', '2019-07-28 12:04:02', -1, 9, 152),
(368, b'1', '2019-07-17 00:38:42', -1, 6, 153),
(369, b'1', '2019-07-28 12:08:15', 1, 3, 154),
(370, b'1', '2019-07-28 12:03:28', -1, 10, 155),
(371, b'1', '2019-07-28 12:10:28', 0, 31, 156),
(372, b'1', '2018-10-07 01:28:38', -1, 10, 157),
(373, b'1', '2019-07-02 20:18:03', -1, 8, 158),
(374, b'1', '2019-07-28 12:07:47', -1, 3, 159),
(375, b'1', '2019-07-13 17:55:03', -1, 6, 160),
(376, b'1', '2019-07-28 12:07:20', 1, 3, 161),
(377, b'1', '2019-06-30 01:03:54', -2, 9, 162),
(378, b'1', '2018-08-25 09:55:21', -1, 15, 163),
(379, b'1', '2019-07-21 11:55:05', -1, 8, 164),
(380, b'1', '2019-07-21 12:07:03', -1, 4, 165),
(381, b'1', '2018-09-02 15:15:56', -1, 16, 166),
(382, b'1', '2019-07-21 12:03:57', -1, 8, 167),
(383, b'1', '2018-10-07 01:29:05', -1, 10, 168),
(384, b'1', '2019-06-27 08:52:02', -1, 8, 169),
(385, b'1', '2019-07-17 00:42:42', -1, 5, 170),
(386, b'1', '2019-06-27 08:50:27', -1, 11, 171),
(387, b'1', '2019-07-21 12:06:59', -1, 4, 172),
(388, b'1', '2019-06-30 01:03:18', -2, 9, 173),
(389, b'1', '2019-07-17 00:46:15', -1, 6, 174),
(390, b'1', '2019-07-17 00:38:30', -1, 10, 175),
(391, b'1', '2019-07-02 20:17:34', -1, 10, 176),
(392, b'1', '2019-07-17 00:44:25', -1, 6, 177),
(393, b'1', '2019-07-28 12:05:54', -1, 3, 178),
(394, b'1', '2019-07-17 00:44:42', -1, 5, 179),
(395, b'1', '2019-07-28 12:06:50', -1, 3, 180),
(396, b'1', '2018-08-25 01:27:37', -1, 14, 181),
(397, b'1', '2019-07-17 00:44:27', -1, 5, 182),
(398, b'1', '2019-07-21 11:57:16', -1, 4, 183),
(399, b'1', '2018-08-25 01:27:29', -1, 14, 184),
(400, b'1', '2019-07-28 12:02:42', 2, 5, 185),
(401, b'1', '2019-07-21 12:04:44', -1, 4, 186),
(402, b'1', '2019-07-28 12:04:07', -1, 7, 187),
(403, b'1', '2019-07-21 12:07:17', -1, 4, 188),
(404, b'1', '2018-10-07 01:28:46', -1, 10, 189),
(405, b'1', '2019-07-02 20:17:26', -1, 10, 190),
(406, b'1', '2019-07-28 12:06:53', -1, 3, 191),
(407, b'1', '2019-07-21 11:58:09', -1, 4, 192),
(408, b'1', '2019-07-28 12:06:13', -1, 3, 193),
(409, b'1', '2019-07-17 23:20:44', -1, 6, 194),
(410, b'1', '2019-07-28 12:08:23', -1, 10, 195),
(411, b'1', '2018-08-25 01:27:22', -1, 14, 196),
(412, b'1', '2018-09-02 15:15:58', -1, 15, 197),
(413, b'1', '2019-07-02 20:17:37', -1, 10, 198),
(414, b'1', '2019-07-21 12:03:27', -1, 8, 199),
(415, b'1', '2019-07-21 12:05:33', -1, 4, 200),
(416, b'1', '2019-07-21 12:04:30', -1, 4, 201),
(417, b'1', '2019-07-21 12:03:25', -1, 12, 202),
(418, b'1', '2018-09-14 10:06:51', -1, 13, 203),
(419, b'1', '2019-07-21 11:55:58', -1, 7, 204),
(420, b'1', '2019-07-21 12:07:57', -1, 5, 205),
(421, b'1', '2018-12-21 00:02:06', -1, 11, 206),
(422, b'1', '2019-07-17 00:40:17', -1, 6, 207),
(423, b'1', '2019-07-17 00:45:23', -1, 4, 208),
(424, b'1', '2018-08-25 01:27:18', -1, 14, 209),
(425, b'1', '2018-12-21 00:02:16', -1, 9, 210),
(426, b'1', '2018-08-27 01:29:16', -1, 18, 211),
(428, b'1', '2019-07-17 00:38:56', -1, 6, 213),
(429, b'1', '2019-07-28 12:07:49', -1, 3, 214),
(430, b'1', '2019-06-27 08:51:52', -1, 8, 215),
(431, b'0', '2019-07-27 21:10:04', -1, 4, 216),
(432, b'0', '2019-07-17 23:18:33', -1, 4, 217),
(433, b'0', '2018-08-25 09:55:58', -1, 18, 218),
(434, b'0', '2019-07-02 20:22:59', -1, 6, 219),
(435, b'1', '2019-07-02 20:18:47', -1, 7, 216),
(436, b'1', '2019-07-21 12:03:59', -1, 8, 217),
(437, b'1', '2019-07-28 12:05:43', 1, 3, 218),
(438, b'1', '2019-07-28 12:05:48', -1, 3, 219),
(439, b'0', '2019-09-14 13:12:23', 1, 6, 220),
(440, b'1', '2019-07-13 17:54:13', -1, 12, 220),
(441, b'1', '2019-07-02 20:17:43', -1, 10, 221),
(442, b'0', '2019-07-17 00:33:52', -1, 6, 221),
(443, b'0', '2019-07-17 23:17:13', -1, 4, 222),
(444, b'1', '2018-09-20 02:55:31', -1, 10, 222),
(445, b'0', '2017-08-30 14:03:45', 1, 1, 223),
(446, b'0', NULL, 0, 0, 224),
(447, b'0', '2017-08-30 14:02:02', 1, 1, 225),
(448, b'0', '2017-08-30 13:58:30', -1, 1, 226),
(449, b'0', NULL, 0, 0, 227),
(450, b'0', '2017-08-30 14:01:28', 1, 1, 228),
(451, b'0', NULL, 0, 0, 229),
(452, b'0', '2017-08-30 14:04:28', 1, 1, 230),
(453, b'0', NULL, 0, 0, 231),
(454, b'0', '2017-08-30 14:03:39', 1, 1, 232),
(455, b'0', NULL, 0, 0, 233),
(456, b'0', '2017-08-30 14:01:47', 1, 1, 234),
(457, b'0', NULL, 0, 0, 235),
(458, b'0', NULL, 0, 0, 236),
(459, b'0', NULL, 0, 0, 237),
(460, b'0', NULL, 0, 0, 238),
(461, b'0', NULL, 0, 0, 239),
(462, b'0', NULL, 0, 0, 240),
(463, b'0', NULL, 0, 0, 241),
(464, b'0', NULL, 0, 0, 242),
(465, b'0', NULL, 0, 0, 243),
(466, b'0', NULL, 0, 0, 244),
(467, b'0', NULL, 0, 0, 245),
(468, b'0', '2017-08-30 13:58:26', 1, 1, 246),
(469, b'0', NULL, 0, 0, 247),
(470, b'0', NULL, 0, 0, 248),
(471, b'0', NULL, 0, 0, 249),
(472, b'0', NULL, 0, 0, 250),
(473, b'0', NULL, 0, 0, 251),
(474, b'0', NULL, 0, 0, 252),
(475, b'0', '2017-08-30 14:04:23', -1, 1, 253),
(476, b'0', '2017-08-30 13:46:30', 0, 1, 254),
(477, b'0', NULL, 0, 0, 255),
(478, b'0', NULL, 0, 0, 256),
(479, b'0', NULL, 0, 0, 257),
(480, b'0', NULL, 0, 0, 258),
(481, b'0', NULL, 0, 0, 259),
(482, b'0', '2017-08-30 13:58:16', 1, 1, 260),
(483, b'0', NULL, 0, 0, 261),
(484, b'0', NULL, 0, 0, 262),
(485, b'0', NULL, 0, 0, 263),
(486, b'0', NULL, 0, 0, 264),
(487, b'0', NULL, 0, 0, 265),
(488, b'0', '2017-08-30 14:01:57', -1, 1, 266),
(489, b'0', NULL, 0, 0, 267),
(490, b'0', NULL, 0, 0, 268),
(491, b'0', '2017-08-30 13:58:05', -1, 1, 269),
(492, b'0', NULL, 0, 0, 270),
(493, b'1', NULL, 0, 0, 223),
(494, b'1', NULL, 0, 0, 224),
(495, b'1', NULL, 0, 0, 225),
(496, b'1', NULL, 0, 0, 226),
(497, b'1', NULL, 0, 0, 227),
(498, b'1', NULL, 0, 0, 228),
(499, b'1', NULL, 0, 0, 229),
(500, b'1', NULL, 0, 0, 230),
(501, b'1', NULL, 0, 0, 231),
(502, b'1', NULL, 0, 0, 232),
(503, b'1', NULL, 0, 0, 233),
(504, b'1', NULL, 0, 0, 234),
(505, b'1', NULL, 0, 0, 235),
(506, b'1', NULL, 0, 0, 236),
(507, b'1', NULL, 0, 0, 237),
(508, b'1', NULL, 0, 0, 238),
(509, b'1', NULL, 0, 0, 239),
(510, b'1', NULL, 0, 0, 240),
(511, b'1', NULL, 0, 0, 241),
(512, b'1', NULL, 0, 0, 242),
(513, b'1', NULL, 0, 0, 243),
(514, b'1', NULL, 0, 0, 244),
(515, b'1', NULL, 0, 0, 245),
(516, b'1', NULL, 0, 0, 246),
(517, b'1', NULL, 0, 0, 247),
(518, b'1', NULL, 0, 0, 248),
(519, b'1', NULL, 0, 0, 249),
(520, b'1', NULL, 0, 0, 250),
(521, b'1', NULL, 0, 0, 251),
(522, b'1', NULL, 0, 0, 252),
(523, b'1', NULL, 0, 0, 253),
(524, b'1', NULL, 0, 0, 254),
(525, b'1', NULL, 0, 0, 255),
(526, b'1', NULL, 0, 0, 256),
(527, b'1', NULL, 0, 0, 257),
(528, b'1', NULL, 0, 0, 258),
(529, b'1', NULL, 0, 0, 259),
(530, b'1', NULL, 0, 0, 260),
(531, b'1', NULL, 0, 0, 261),
(532, b'1', NULL, 0, 0, 262),
(533, b'1', NULL, 0, 0, 263),
(534, b'1', NULL, 0, 0, 264),
(535, b'1', NULL, 0, 0, 265),
(536, b'1', NULL, 0, 0, 266),
(537, b'1', NULL, 0, 0, 267),
(538, b'1', NULL, 0, 0, 268),
(539, b'1', NULL, 0, 0, 269),
(540, b'1', NULL, 0, 0, 270),
(541, b'0', '2019-07-02 20:21:59', -1, 6, 271),
(542, b'0', '2018-09-02 15:14:45', -1, 18, 272),
(543, b'0', '2019-07-17 23:17:06', -1, 4, 273),
(544, b'0', '2018-08-25 09:56:11', -1, 16, 274),
(545, b'0', '2018-10-02 13:55:59', -1, 10, 275),
(546, b'1', '2019-07-28 12:02:37', 0, 5, 271),
(547, b'1', '2019-07-17 00:40:59', -1, 6, 272),
(548, b'1', '2019-07-13 17:55:24', -1, 6, 273),
(549, b'1', '2019-07-21 12:04:59', -1, 4, 274),
(550, b'1', '2019-07-28 12:10:21', 0, 6, 275),
(551, b'1', '2018-08-30 23:25:21', -1, 16, 276),
(552, b'0', '2019-09-14 13:12:39', 0, 5, 276),
(553, b'0', '2019-05-04 15:43:11', -1, 15, 277),
(554, b'1', '2019-07-21 11:55:17', -1, 8, 277),
(555, b'1', '2019-07-21 12:03:39', -1, 8, 278),
(556, b'0', '2019-07-17 00:36:28', -1, 4, 278),
(557, b'0', '2019-07-17 23:18:13', -1, 4, 279),
(558, b'0', '2019-07-17 23:16:32', -1, 4, 280),
(559, b'0', '2019-09-16 17:49:22', 2, 17, 281),
(560, b'0', '2019-07-02 20:22:52', -1, 6, 282),
(561, b'1', '2019-07-17 00:41:21', -1, 6, 279),
(562, b'1', '2019-07-17 00:45:13', -1, 4, 280),
(563, b'1', '2019-07-17 23:24:46', -1, 16, 281),
(564, b'1', '2019-07-21 12:06:51', -1, 4, 282),
(565, b'0', '2018-09-02 15:15:18', -1, 12, 283),
(566, b'0', '2019-02-10 16:02:01', -1, 8, 284),
(567, b'1', '2019-07-21 11:55:24', -1, 8, 283),
(568, b'1', '2019-07-21 11:58:37', -1, 4, 284),
(569, b'0', '2019-07-02 20:21:53', -1, 6, 285),
(570, b'0', '2018-12-02 17:13:03', -1, 10, 286),
(571, b'0', '2019-07-17 23:15:29', -1, 9, 287),
(572, b'0', '2019-07-17 23:15:40', -1, 8, 288),
(573, b'0', '2019-02-10 15:59:55', -1, 11, 289),
(574, b'0', '2019-07-02 20:22:04', -1, 6, 290),
(575, b'1', '2019-07-21 12:06:55', -1, 4, 285),
(576, b'1', '2019-07-17 00:45:15', -1, 4, 286),
(577, b'1', '2019-07-17 00:42:28', -1, 6, 287),
(578, b'1', '2019-07-21 11:57:14', -1, 4, 288),
(579, b'1', '2018-12-21 00:02:41', -1, 8, 289),
(580, b'1', '2019-06-27 08:51:05', -1, 8, 290),
(581, b'0', '2019-02-10 16:01:47', -1, 8, 291),
(582, b'1', '2019-07-28 12:04:35', -1, 6, 291),
(583, b'0', '2019-07-17 00:33:02', -1, 8, 292),
(584, b'0', '2019-07-17 23:16:53', -1, 4, 293),
(585, b'0', '2018-08-27 01:28:01', -1, 16, 294),
(586, b'0', '2019-05-04 15:43:30', -1, 10, 295),
(587, b'0', '2019-02-10 16:01:55', -1, 8, 296),
(588, b'0', '2018-09-02 15:14:47', -1, 14, 297),
(589, b'0', '2019-07-02 20:21:56', -1, 6, 298),
(590, b'1', '2019-07-28 12:02:59', 0, 5, 292),
(591, b'1', '2019-07-17 00:39:14', -1, 6, 293),
(592, b'1', '2019-07-13 17:54:59', -1, 6, 294),
(593, b'1', '2019-07-21 11:58:55', -1, 4, 295),
(594, b'1', '2019-07-21 12:08:05', -1, 4, 296),
(595, b'1', '2019-07-17 23:24:58', -1, 10, 297),
(596, b'1', '2019-07-21 11:57:52', -1, 4, 298),
(597, b'0', '2018-12-02 17:14:42', -1, 9, 299),
(598, b'1', '2019-07-17 23:25:07', -1, 8, 299),
(599, b'0', '2019-07-02 20:20:47', -1, 7, 300),
(600, b'0', '2019-07-17 23:18:18', -1, 4, 301),
(601, b'0', '2018-09-02 15:15:24', -1, 12, 302),
(602, b'1', '2019-07-28 12:02:53', 0, 5, 300),
(603, b'1', '2019-07-21 12:03:30', -1, 8, 301),
(604, b'1', '2019-07-28 12:10:16', 0, 6, 302),
(605, b'1', '2018-10-02 13:56:45', -3, 21, 303),
(606, b'0', '2019-09-16 17:48:59', 3, 17, 303),
(607, b'0', '2019-07-17 23:15:42', -1, 8, 304),
(608, b'1', '2019-07-21 12:03:45', -1, 8, 304),
(609, b'0', '2018-10-07 16:40:15', -1, 13, 305),
(610, b'0', '2018-09-20 02:53:08', -1, 11, 306),
(611, b'0', '2019-02-10 16:02:34', -1, 8, 307),
(612, b'0', '2019-05-04 15:43:14', -1, 12, 308),
(613, b'0', '2019-07-17 00:36:06', -1, 5, 309),
(614, b'0', '2019-07-17 00:33:34', -1, 7, 310),
(615, b'0', '2018-09-14 10:06:12', -1, 17, 311),
(616, b'0', '2019-07-27 21:14:07', -1, 3, 312),
(617, b'0', '2019-08-21 15:56:34', 0, 12, 313),
(618, b'0', '2019-07-17 23:15:31', -1, 9, 314),
(619, b'1', '2019-07-28 12:04:49', -1, 3, 305),
(620, b'1', '2019-07-28 12:03:53', -1, 9, 306),
(621, b'1', '2019-07-17 00:43:20', -1, 5, 307),
(622, b'1', '2019-07-17 00:38:28', -1, 10, 308),
(623, b'1', '2019-07-21 12:09:18', -1, 3, 309),
(624, b'1', '2019-07-17 23:24:53', -1, 11, 310),
(625, b'1', '2018-10-02 13:56:39', -3, 22, 311),
(626, b'1', '2019-07-28 12:04:33', -1, 6, 312),
(627, b'1', '2019-07-17 00:42:57', -1, 5, 313),
(628, b'1', '2018-09-20 02:55:11', -1, 11, 314),
(629, b'0', '2018-10-07 16:40:06', -1, 13, 315),
(630, b'0', '2018-09-02 15:15:36', -1, 11, 316),
(631, b'0', '2019-02-10 16:01:25', -1, 8, 317),
(632, b'1', '2019-07-17 00:43:17', -1, 5, 315),
(633, b'1', '2019-07-28 12:10:11', -2, 32, 316),
(634, b'1', '2019-07-02 20:18:24', -1, 7, 317),
(635, b'0', '2019-06-30 01:02:09', -1, 7, 318),
(636, b'0', '2018-08-25 09:55:56', -1, 20, 319),
(637, b'0', '2019-07-27 21:07:42', -1, 9, 320),
(638, b'0', '2019-07-17 00:35:44', -1, 5, 321),
(639, b'0', '2019-07-02 20:20:31', -1, 7, 322),
(640, b'1', '2019-07-17 00:45:02', -1, 5, 318),
(641, b'1', '2018-09-02 15:16:09', -1, 13, 319),
(642, b'1', '2019-07-02 20:18:21', -1, 7, 320),
(643, b'1', '2019-07-17 00:46:04', -1, 5, 321),
(644, b'1', '2019-06-27 08:50:11', -1, 13, 322),
(645, b'0', '2018-10-02 13:55:39', -1, 17, 323),
(646, b'0', '2018-08-27 01:28:04', -1, 15, 324),
(647, b'1', '2018-10-07 01:29:44', -1, 9, 323),
(648, b'1', '2019-07-02 20:19:02', -1, 7, 324),
(649, b'0', '2018-10-01 12:19:56', -1, 11, 325),
(650, b'0', '2019-07-27 21:13:06', -1, 3, 326),
(651, b'1', '2019-07-13 17:53:52', -1, 19, 325),
(652, b'1', '2019-06-27 08:50:23', -1, 11, 326),
(653, b'0', '2019-07-27 21:11:13', -1, 3, 327),
(654, b'0', '2019-07-27 21:11:31', -1, 3, 328),
(655, b'0', '2018-10-07 16:40:13', -1, 13, 329),
(656, b'0', '2019-07-17 00:33:42', -1, 6, 330),
(657, b'1', '2019-07-28 12:07:52', -1, 3, 327),
(658, b'1', '2019-07-28 12:07:30', -1, 3, 328),
(659, b'1', '2018-09-20 02:53:48', -1, 13, 329),
(660, b'1', '2019-07-02 20:17:49', -1, 10, 330),
(661, b'0', '2018-12-23 22:10:55', -1, 12, 331),
(662, b'1', '2019-07-28 12:03:05', 0, 4, 331),
(663, b'0', '2019-07-27 21:07:59', -1, 7, 332),
(664, b'0', '2019-09-14 13:12:59', 0, 4, 333),
(665, b'0', '2019-07-17 00:34:46', -1, 5, 334),
(666, b'0', '2019-07-17 00:33:13', -1, 7, 335),
(667, b'1', '2018-09-20 02:55:06', -1, 11, 332),
(668, b'1', '2019-07-13 17:54:38', -1, 9, 333),
(669, b'1', '2019-07-17 23:24:36', -1, 18, 334),
(670, b'1', '2019-07-13 17:54:41', -1, 9, 335),
(671, b'1', '2019-07-17 00:45:46', -1, 5, 336),
(672, b'0', '2019-07-27 21:08:38', -1, 7, 336),
(673, b'0', '2019-09-14 13:13:55', -1, 15, 337),
(674, b'1', '2019-07-28 12:07:33', -1, 3, 337),
(675, b'0', '2019-07-27 21:06:43', 0, 12, 338),
(676, b'0', '2019-06-27 08:44:54', -1, 14, 339),
(677, b'1', '2018-08-25 01:26:48', -1, 19, 338),
(678, b'1', '2019-07-02 20:17:09', -1, 11, 339),
(679, b'0', '2019-09-16 17:49:10', 2, 13, 340),
(680, b'1', '2019-07-17 00:42:44', -1, 5, 340),
(681, b'0', '2018-10-07 16:40:11', -1, 13, 341),
(682, b'1', '2018-12-21 00:02:00', -1, 14, 341),
(683, b'0', '2019-07-27 21:14:09', -1, 3, 342),
(684, b'1', '2019-07-28 12:08:18', -1, 14, 342),
(685, b'0', '2019-07-02 20:22:19', -1, 6, 343),
(686, b'1', '2019-07-21 11:55:35', -1, 7, 343),
(687, b'0', '2019-07-17 00:33:11', -1, 7, 344),
(688, b'1', '2019-07-13 17:54:45', -1, 9, 344),
(689, b'0', '2019-07-27 21:11:49', -1, 3, 345),
(690, b'1', '2019-07-17 23:25:01', -1, 8, 345),
(691, b'0', '2018-04-23 10:27:23', 0, 1, 346),
(692, b'1', '2019-07-28 12:08:41', 0, 2, 346),
(693, b'0', '2019-07-17 00:32:48', -1, 9, 347),
(694, b'1', '2019-07-28 12:08:48', -1, 2, 347),
(695, b'0', '2018-09-02 15:15:29', -1, 11, 348),
(696, b'1', '2019-07-28 12:09:25', -1, 2, 348),
(697, b'0', '2019-09-14 13:11:48', 1, 8, 349),
(698, b'1', '2019-07-28 12:08:45', -1, 2, 349),
(699, b'0', '2019-07-17 23:16:55', -1, 4, 350),
(700, b'1', '2019-07-17 00:39:20', -1, 6, 350),
(701, b'0', '2019-06-27 08:45:36', -1, 11, 351),
(702, b'1', '2019-07-17 00:38:38', -1, 6, 351),
(703, b'0', '2019-09-16 17:49:14', 2, 7, 352),
(704, b'1', '2019-07-28 12:09:40', -1, 2, 352),
(705, b'0', '2018-08-25 09:43:17', 0, 1, 353),
(706, b'1', '2019-07-28 12:09:19', 1, 2, 353),
(707, b'0', '2018-10-07 16:39:26', 0, 1, 354),
(708, b'1', '2019-07-28 12:09:48', 1, 2, 354),
(709, b'0', '2019-07-17 00:32:35', -1, 11, 355),
(710, b'1', '2019-07-21 12:04:04', -1, 4, 355),
(711, b'0', '2019-09-16 17:49:17', 1, 23, 356),
(712, b'1', '2019-07-21 12:08:01', -1, 4, 356),
(713, b'0', '2018-12-02 17:10:36', 0, 1, 357),
(714, b'1', '2019-07-28 12:03:23', 5, 16, 357),
(715, b'0', '2019-07-17 23:19:31', -1, 4, 358),
(716, b'1', '2019-07-28 12:09:15', 1, 2, 358),
(717, b'0', '2018-12-20 23:47:54', 0, 1, 359),
(718, b'1', '2019-07-28 12:09:35', 1, 2, 359),
(719, b'0', '2019-07-02 20:20:21', -1, 12, 360),
(720, b'1', '2019-07-28 12:08:54', -1, 2, 360),
(721, b'0', '2019-07-27 21:15:10', -1, 2, 361),
(722, b'1', '2019-07-17 00:38:33', -1, 8, 361),
(723, b'0', '2019-07-02 20:21:39', -1, 7, 362),
(724, b'0', '2019-02-10 15:59:30', -1, 1, 363),
(725, b'0', '2019-02-10 15:59:35', -1, 1, 364),
(726, b'0', '2019-02-10 15:59:28', -1, 1, 365),
(727, b'0', '2019-02-10 15:59:12', -1, 1, 366),
(728, b'0', '2019-02-10 15:59:05', -1, 1, 367),
(729, b'0', '2019-07-17 00:32:37', -1, 11, 368),
(730, b'1', '2019-06-27 08:46:23', -1, 1, 362),
(731, b'1', '2019-07-17 00:42:53', -1, 5, 363),
(732, b'1', '2019-07-28 12:07:07', -1, 3, 364),
(733, b'1', '2019-06-24 13:00:47', -1, 1, 365),
(734, b'1', '2019-07-28 12:06:20', -1, 3, 366),
(735, b'1', '2019-07-28 12:05:30', 1, 3, 367),
(736, b'1', '2019-07-13 17:53:40', -1, 1, 368),
(737, b'0', '2019-02-10 15:59:02', -1, 1, 369),
(738, b'1', '2019-06-27 08:46:28', -1, 1, 369),
(739, b'0', '2019-07-17 00:32:28', -1, 13, 370),
(740, b'1', '2019-07-13 17:53:33', -1, 1, 370),
(741, b'0', '2019-07-02 20:20:29', -1, 10, 371),
(742, b'1', '2019-07-13 17:53:37', -1, 1, 371),
(743, b'0', '2019-02-10 15:59:09', -1, 1, 372),
(744, b'1', '2019-07-28 12:06:05', 2, 11, 372),
(745, b'0', '2019-02-10 15:59:15', -1, 1, 373),
(746, b'1', '2019-07-28 12:08:35', -1, 3, 373),
(747, b'0', '2019-02-10 15:59:20', 0, 1, 374),
(748, b'1', '2019-07-21 12:03:55', -1, 8, 374),
(749, b'0', '2019-02-10 15:58:59', 0, 1, 375),
(750, b'1', '2019-07-28 12:09:56', 1, 2, 375),
(751, b'0', '2019-09-14 13:12:18', 1, 10, 376),
(752, b'0', '2019-02-19 23:49:08', -1, 1, 377),
(753, b'0', '2019-07-21 11:51:31', -1, 11, 378),
(754, b'1', '2019-07-28 12:03:16', 0, 4, 376),
(755, b'1', '2019-06-16 15:46:44', -1, 1, 377),
(756, b'1', '2019-07-02 20:16:56', -1, 1, 378),
(757, b'0', '2019-02-19 23:49:13', 0, 1, 379),
(758, b'1', '2019-07-28 12:06:27', 1, 3, 379),
(759, b'0', '2019-02-19 23:49:03', 0, 1, 380),
(760, b'1', '2019-07-28 12:06:34', 1, 11, 380),
(761, b'0', '2019-07-17 00:32:54', -1, 8, 381),
(762, b'1', '2019-07-28 12:05:16', 0, 3, 381),
(763, b'0', '2019-09-14 13:13:03', 0, 3, 382),
(764, b'1', '2019-07-28 12:06:07', 1, 11, 382),
(765, b'0', '2019-05-04 15:43:07', 0, 1, 383),
(766, b'0', '2019-05-04 15:41:26', -1, 1, 384),
(767, b'1', '2019-06-27 08:47:28', -1, 1, 383),
(768, b'1', '2019-06-27 08:47:35', -1, 1, 384),
(769, b'0', '2019-05-04 15:42:09', -1, 1, 385),
(770, b'1', '2019-07-28 12:06:44', 0, 3, 385),
(771, b'0', '2019-05-04 15:41:21', -1, 1, 386),
(772, b'1', '2019-07-28 12:08:51', -1, 2, 386),
(773, b'0', '2019-07-27 21:14:17', -1, 3, 387),
(774, b'1', '2019-07-28 12:03:50', -1, 9, 387),
(775, b'0', '2019-06-16 15:38:55', -1, 1, 388),
(776, b'0', '2019-06-16 15:38:58', -1, 1, 389),
(777, b'1', '2019-06-27 08:48:17', -1, 1, 388),
(778, b'1', '2019-06-27 08:48:24', -1, 1, 389),
(779, b'0', '2019-06-24 13:00:16', 0, 1, 390),
(780, b'1', '2019-06-27 08:48:28', -1, 1, 390),
(781, b'0', '2019-06-24 13:00:26', -1, 1, 391),
(782, b'1', '2019-06-27 08:48:30', -1, 1, 391),
(783, b'0', '2019-06-27 08:44:44', -1, 1, 392),
(784, b'1', '2019-07-28 12:07:24', 1, 10, 392),
(785, b'0', '2019-06-30 01:01:06', -1, 1, 393),
(786, b'1', '2019-07-02 20:16:49', -1, 1, 393),
(787, b'0', '2019-06-30 01:00:58', -1, 1, 394),
(788, b'1', '2019-07-02 20:16:39', -1, 1, 394),
(789, b'0', '2019-06-30 01:00:55', -1, 1, 395),
(790, b'1', '2019-07-02 20:16:53', -1, 1, 395),
(791, b'0', '2019-07-17 00:32:19', -1, 1, 396),
(792, b'1', '2019-07-28 12:07:26', 1, 9, 396),
(793, b'0', '2019-07-27 21:09:24', -1, 4, 397),
(794, b'1', '2019-07-28 12:04:41', -1, 5, 397),
(795, b'0', '2019-07-27 21:13:37', -1, 3, 398),
(796, b'1', '2019-07-17 00:42:16', -1, 1, 398),
(797, b'0', '2019-07-17 00:32:07', -1, 1, 399),
(798, b'1', '2019-07-17 00:42:12', -1, 1, 399),
(799, b'1', '2019-07-21 12:03:18', -1, 1, 400),
(800, b'0', '2019-07-27 21:07:12', -1, 1, 400),
(801, b'0', '2019-09-14 13:13:48', 1, 1, 401),
(802, b'1', NULL, 0, 0, 401),
(803, b'0', '2019-09-14 13:13:13', 1, 1, 402),
(804, b'0', '2019-09-14 13:13:35', 1, 1, 403),
(805, b'1', NULL, 0, 0, 402),
(806, b'1', NULL, 0, 0, 403),
(807, b'0', '2019-09-14 13:13:08', 1, 1, 404),
(808, b'0', '2019-09-14 13:13:17', 1, 1, 405),
(809, b'0', '2019-09-14 13:13:41', 1, 1, 406),
(810, b'1', NULL, 0, 0, 404),
(811, b'1', NULL, 0, 0, 405),
(812, b'1', NULL, 0, 0, 406),
(813, b'0', '2019-09-14 13:13:45', 1, 1, 407),
(814, b'1', NULL, 0, 0, 407),
(815, b'0', '2019-09-14 13:13:37', 1, 1, 408),
(816, b'0', '2019-09-14 13:13:28', -1, 1, 409),
(817, b'1', NULL, 0, 0, 408),
(818, b'1', NULL, 0, 0, 409),
(819, b'0', '2019-09-14 13:13:20', 0, 1, 410),
(820, b'1', NULL, 0, 0, 410),
(821, b'0', NULL, 0, 0, 411),
(822, b'1', NULL, 0, 0, 411),
(823, b'0', NULL, 0, 0, 412),
(824, b'1', NULL, 0, 0, 412),
(825, b'0', NULL, 0, 0, 413),
(826, b'1', NULL, 0, 0, 413);

-- --------------------------------------------------------

--
-- Table structure for table `user`
--

CREATE TABLE `user` (
  `id` bigint(20) NOT NULL,
  `login` varchar(255) COLLATE utf8_bin DEFAULT NULL,
  `pass` varchar(255) COLLATE utf8_bin DEFAULT NULL
) ENGINE=InnoDB DEFAULT CHARSET=utf8 COLLATE=utf8_bin;

--
-- Dumping data for table `user`
--

INSERT INTO `user` (`id`, `login`, `pass`) VALUES
(1, 'igrek', 'dupa'),
(2, 'jarek', 'dupa');

-- --------------------------------------------------------

--
-- Table structure for table `user_word`
--

CREATE TABLE `user_word` (
  `id` bigint(20) NOT NULL,
  `user_id` bigint(20) NOT NULL,
  `word_id` bigint(20) NOT NULL
) ENGINE=InnoDB DEFAULT CHARSET=utf8 COLLATE=utf8_bin;

--
-- Dumping data for table `user_word`
--

INSERT INTO `user_word` (`id`, `user_id`, `word_id`) VALUES
(1, 1, 1),
(2, 1, 2),
(3, 1, 3),
(4, 1, 4),
(5, 1, 5),
(6, 1, 6),
(7, 1, 7),
(8, 1, 8),
(9, 1, 9),
(10, 1, 10),
(11, 1, 11),
(12, 1, 12),
(13, 1, 13),
(14, 1, 14),
(15, 1, 15),
(16, 1, 16),
(17, 1, 17),
(18, 1, 18),
(19, 1, 19),
(20, 1, 20),
(21, 1, 21),
(22, 1, 22),
(23, 1, 23),
(24, 1, 24),
(25, 1, 25),
(26, 1, 26),
(27, 1, 27),
(28, 1, 28),
(29, 1, 29),
(30, 1, 30),
(31, 1, 31),
(32, 1, 32),
(33, 1, 33),
(34, 1, 34),
(35, 1, 35),
(36, 1, 36),
(37, 1, 37),
(38, 1, 38),
(39, 1, 39),
(40, 1, 40),
(41, 1, 41),
(42, 1, 42),
(43, 1, 43),
(44, 1, 44),
(45, 1, 45),
(46, 1, 46),
(47, 1, 47),
(48, 1, 48),
(49, 1, 49),
(50, 1, 50),
(51, 1, 51),
(52, 1, 52),
(53, 1, 53),
(54, 1, 54),
(55, 1, 55),
(56, 1, 56),
(57, 1, 57),
(58, 1, 58),
(59, 1, 59),
(60, 1, 60),
(61, 1, 61),
(62, 1, 62),
(63, 1, 63),
(64, 1, 64),
(65, 1, 65),
(66, 1, 66),
(67, 1, 67),
(68, 1, 68),
(69, 1, 69),
(70, 1, 70),
(71, 1, 71),
(72, 1, 72),
(73, 1, 73),
(74, 1, 74),
(75, 1, 75),
(76, 1, 76),
(77, 1, 77),
(78, 1, 78),
(79, 1, 79),
(80, 1, 80),
(81, 1, 81),
(82, 1, 82),
(83, 1, 83),
(84, 1, 84),
(85, 1, 85),
(86, 1, 86),
(87, 1, 87),
(88, 1, 88),
(89, 1, 89),
(90, 1, 90),
(91, 1, 91),
(92, 1, 92),
(93, 1, 93),
(94, 1, 94),
(95, 1, 95),
(96, 1, 96),
(97, 1, 97),
(98, 1, 98),
(99, 1, 99),
(100, 1, 100),
(101, 1, 101),
(102, 1, 102),
(103, 1, 103),
(104, 1, 104),
(105, 1, 105),
(106, 1, 106),
(107, 1, 107),
(108, 1, 108),
(109, 1, 109),
(110, 1, 110),
(111, 1, 111),
(112, 1, 112),
(113, 1, 113),
(114, 1, 114),
(115, 1, 115),
(116, 1, 116),
(117, 1, 117),
(118, 1, 118),
(119, 1, 119),
(120, 1, 120),
(121, 1, 121),
(122, 1, 122),
(123, 1, 123),
(124, 1, 124),
(125, 1, 125),
(126, 1, 126),
(127, 1, 127),
(128, 1, 128),
(129, 1, 129),
(130, 1, 130),
(131, 1, 131),
(132, 1, 132),
(133, 1, 133),
(134, 1, 134),
(135, 1, 135),
(136, 1, 136),
(137, 1, 137),
(138, 1, 138),
(139, 1, 139),
(140, 1, 140),
(141, 1, 141),
(142, 1, 142),
(143, 1, 143),
(144, 1, 144),
(145, 1, 145),
(146, 1, 146),
(147, 1, 147),
(148, 1, 148),
(149, 1, 149),
(150, 1, 150),
(151, 1, 151),
(152, 1, 152),
(153, 1, 153),
(154, 1, 154),
(155, 1, 155),
(156, 1, 156),
(157, 1, 157),
(158, 1, 158),
(159, 1, 159),
(160, 1, 160),
(161, 1, 161),
(162, 1, 162),
(163, 1, 163),
(164, 1, 164),
(165, 1, 165),
(166, 1, 166),
(167, 1, 167),
(168, 1, 168),
(169, 1, 169),
(170, 1, 170),
(171, 1, 171),
(172, 1, 172),
(173, 1, 173),
(174, 1, 174),
(175, 1, 175),
(176, 1, 176),
(177, 1, 177),
(178, 1, 178),
(179, 1, 179),
(180, 1, 180),
(181, 1, 181),
(182, 1, 182),
(183, 1, 183),
(184, 1, 184),
(185, 1, 185),
(186, 1, 186),
(187, 1, 187),
(188, 1, 188),
(189, 1, 189),
(190, 1, 190),
(191, 1, 191),
(192, 1, 192),
(193, 1, 193),
(194, 1, 194),
(195, 1, 195),
(196, 1, 196),
(197, 1, 197),
(198, 1, 198),
(199, 1, 199),
(200, 1, 200),
(201, 1, 201),
(202, 1, 202),
(203, 1, 203),
(204, 1, 204),
(205, 1, 205),
(206, 1, 206),
(207, 1, 207),
(208, 1, 208),
(209, 1, 209),
(210, 1, 210),
(211, 1, 211),
(213, 1, 213),
(214, 1, 214),
(215, 1, 215),
(216, 1, 216),
(217, 1, 217),
(218, 1, 218),
(219, 1, 219),
(220, 1, 220),
(221, 1, 221),
(222, 1, 222),
(271, 1, 271),
(272, 1, 272),
(273, 1, 273),
(274, 1, 274),
(275, 1, 275),
(276, 1, 276),
(277, 1, 277),
(278, 1, 278),
(279, 1, 279),
(280, 1, 280),
(281, 1, 281),
(282, 1, 282),
(283, 1, 283),
(284, 1, 284),
(285, 1, 285),
(286, 1, 286),
(287, 1, 287),
(288, 1, 288),
(289, 1, 289),
(290, 1, 290),
(291, 1, 291),
(292, 1, 292),
(293, 1, 293),
(294, 1, 294),
(295, 1, 295),
(296, 1, 296),
(297, 1, 297),
(298, 1, 298),
(299, 1, 299),
(300, 1, 300),
(301, 1, 301),
(302, 1, 302),
(303, 1, 303),
(304, 1, 304),
(305, 1, 305),
(306, 1, 306),
(307, 1, 307),
(308, 1, 308),
(309, 1, 309),
(310, 1, 310),
(311, 1, 311),
(312, 1, 312),
(313, 1, 313),
(314, 1, 314),
(315, 1, 315),
(316, 1, 316),
(317, 1, 317),
(318, 1, 318),
(319, 1, 319),
(320, 1, 320),
(321, 1, 321),
(322, 1, 322),
(323, 1, 323),
(324, 1, 324),
(325, 1, 325),
(326, 1, 326),
(327, 1, 327),
(328, 1, 328),
(329, 1, 329),
(330, 1, 330),
(331, 1, 331),
(332, 1, 332),
(333, 1, 333),
(334, 1, 334),
(335, 1, 335),
(336, 1, 336),
(337, 1, 337),
(338, 1, 338),
(339, 1, 339),
(340, 1, 340),
(341, 1, 341),
(342, 1, 342),
(343, 1, 343),
(344, 1, 344),
(345, 1, 345),
(346, 1, 346),
(347, 1, 347),
(348, 1, 348),
(349, 1, 349),
(350, 1, 350),
(351, 1, 351),
(352, 1, 352),
(353, 1, 353),
(354, 1, 354),
(355, 1, 355),
(356, 1, 356),
(357, 1, 357),
(358, 1, 358),
(359, 1, 359),
(360, 1, 360),
(361, 1, 361),
(362, 1, 362),
(363, 1, 363),
(364, 1, 364),
(365, 1, 365),
(366, 1, 366),
(367, 1, 367),
(368, 1, 368),
(369, 1, 369),
(370, 1, 370),
(371, 1, 371),
(372, 1, 372),
(373, 1, 373),
(374, 1, 374),
(375, 1, 375),
(376, 1, 376),
(377, 1, 377),
(378, 1, 378),
(379, 1, 379),
(380, 1, 380),
(381, 1, 381),
(382, 1, 382),
(383, 1, 383),
(384, 1, 384),
(385, 1, 385),
(386, 1, 386),
(387, 1, 387),
(388, 1, 388),
(389, 1, 389),
(390, 1, 390),
(391, 1, 391),
(392, 1, 392),
(393, 1, 393),
(394, 1, 394),
(395, 1, 395),
(396, 1, 396),
(397, 1, 397),
(398, 1, 398),
(399, 1, 399),
(400, 1, 400),
(401, 1, 401),
(402, 1, 402),
(403, 1, 403),
(404, 1, 404),
(405, 1, 405),
(406, 1, 406),
(407, 1, 407),
(408, 1, 408),
(409, 1, 409),
(410, 1, 410),
(411, 1, 411),
(412, 1, 412),
(413, 1, 413),
(223, 2, 223),
(224, 2, 224),
(225, 2, 225),
(226, 2, 226),
(227, 2, 227),
(228, 2, 228),
(229, 2, 229),
(230, 2, 230),
(231, 2, 231),
(232, 2, 232),
(233, 2, 233),
(234, 2, 234),
(235, 2, 235),
(236, 2, 236),
(237, 2, 237),
(238, 2, 238),
(239, 2, 239),
(240, 2, 240),
(241, 2, 241),
(242, 2, 242),
(243, 2, 243),
(244, 2, 244),
(245, 2, 245),
(246, 2, 246),
(247, 2, 247),
(248, 2, 248),
(249, 2, 249),
(250, 2, 250),
(251, 2, 251),
(252, 2, 252),
(253, 2, 253),
(254, 2, 254),
(255, 2, 255),
(256, 2, 256),
(257, 2, 257),
(258, 2, 258),
(259, 2, 259),
(260, 2, 260),
(261, 2, 261),
(262, 2, 262),
(263, 2, 263),
(264, 2, 264),
(265, 2, 265),
(266, 2, 266),
(267, 2, 267),
(268, 2, 268),
(269, 2, 269),
(270, 2, 270);

-- --------------------------------------------------------

--
-- Table structure for table `word`
--

CREATE TABLE `word` (
  `id` bigint(20) NOT NULL,
  `dictionary_id` bigint(20) NOT NULL,
  `name` varchar(255) COLLATE utf8_bin NOT NULL,
  `definition` varchar(255) COLLATE utf8_bin NOT NULL
) ENGINE=InnoDB DEFAULT CHARSET=utf8 COLLATE=utf8_bin;

--
-- Dumping data for table `word`
--

INSERT INTO `word` (`id`, `dictionary_id`, `name`, `definition`) VALUES
(1, 1, 'associate', 'wspólnik, kojarzyć'),
(2, 1, 'assess', 'oceniać'),
(3, 1, 'legitimate', 'uzasadniony'),
(4, 1, 'admittedly', 'umyślnie'),
(5, 1, 'contemporary', 'współczesny'),
(6, 1, 'ubiquitous', 'wszechobecny'),
(7, 1, 'brevity', 'zwięzłość'),
(8, 1, 'comprise', 'zawierać, składać się'),
(9, 1, 'devour', 'pożerać'),
(10, 1, 'strive', 'starać się'),
(11, 1, 'utter', 'kompletny'),
(12, 1, 'defer', 'opóźniać, odraczać'),
(13, 1, 'undergo', 'zostać poddanym'),
(14, 1, 'tedious', 'nudny'),
(15, 1, 'in turn', 'z kolei'),
(16, 1, 'immanent', 'nieodłączny'),
(17, 1, 'merit', 'zasługa'),
(18, 1, 'severe', 'silny, surowy'),
(19, 1, 'thorough', 'gruntowny, dokładny'),
(20, 1, 'throughout', 'w całym'),
(21, 1, 'eminent', 'wybitny'),
(22, 1, 'decoupled', 'oddzielony'),
(23, 1, 'composite', 'łączny'),
(24, 1, 'detour', 'objazd'),
(25, 1, 'admit', 'przyznawać się, wpuszczać'),
(26, 1, 'accordingly', 'w związku z tym, odpowiednio'),
(27, 1, 'depict', 'przedstawiać'),
(28, 1, 'conceive', 'obmyślić, pojąć'),
(29, 1, 'reminiscent', 'pamiętny'),
(30, 1, 'superficial', 'powierzchowny'),
(31, 1, 'robust', 'silny, solidny'),
(32, 1, 'elaborate', 'opracować, rozwijać, dopracowany, zawiły'),
(33, 1, 'leap', 'skok'),
(34, 1, 'intricate', 'zawiły'),
(35, 1, 'contrive', 'obmyślać'),
(36, 1, 'notion', 'pojęcie'),
(37, 1, 'compliant', 'zgodny'),
(38, 1, 'intimidate', 'zastraszać'),
(39, 1, 'prominent', 'wybitny'),
(40, 1, 'protuberant', 'wypukły'),
(41, 1, 'in terms of', 'jeśli chodzi o, pod względem, z punktu widzenia'),
(42, 1, 'vulnerable', 'podatny'),
(43, 1, 'leverage', 'wpływ, wykorzystać'),
(44, 1, 'eligible', 'nadający się'),
(45, 1, 'deliberate', 'celowy, przemyślany, rozważać'),
(46, 1, 'substantial', 'znaczny'),
(47, 1, 'compartment', 'przegroda'),
(48, 1, 'concise', 'zwięzły'),
(49, 1, 'oath', 'przysięga, przekleństwo'),
(50, 1, 'derelict', 'porzucony'),
(51, 1, 'endow', 'obdarzyć'),
(52, 1, 'nudge', 'trącić'),
(53, 1, 'thaw', 'odwilż, rozmrażać'),
(54, 1, 'bifurcate', 'rozwidlać się'),
(55, 1, 'dispatch', 'wysyłać'),
(56, 1, 'summit', 'szczyt, wierzchołek'),
(57, 1, 'retain', 'zachować'),
(58, 1, 'prone', 'skłonny'),
(59, 1, 'prune', 'redukować, przycinać'),
(60, 1, 'implicit', 'domniemany'),
(61, 1, 'explicit', 'wyraźny'),
(62, 1, 'distinct', 'oddzielny, wyrazisty'),
(63, 1, 'rupture', 'pęknięcie'),
(64, 1, 'reciprocal', 'odwrotność, wzajemny, obustronny'),
(65, 1, 'obsolete', 'przestarzały'),
(66, 1, 'constraint', 'ograniczenie, przymus'),
(67, 1, 'insolence', 'zuchwałość'),
(68, 1, 'comprehend', 'zrozumieć'),
(69, 1, 'comprehensible', 'zrozumiały'),
(70, 1, 'comprehensive', 'wszechstronny, pełny'),
(71, 1, 'auxiliary', 'pomocniczy'),
(72, 1, 'forsake', 'porzucic'),
(73, 1, 'ancestry', 'pochodzenie'),
(74, 1, 'recipient', 'odbiorca'),
(75, 1, 'sake', 'wzgląd'),
(76, 1, 'endeavour', 'usiłować, dążenie'),
(77, 1, 'retrieve', 'odzyskać'),
(78, 1, 'retract', 'wycofać'),
(79, 1, 'commit', 'powierzać, oddać'),
(80, 1, 'commitment', 'zobowiązanie'),
(81, 1, 'aggregate', 'sumaryczny'),
(82, 1, 'stash', 'schować na potem'),
(83, 1, 'amend', 'poprawić'),
(84, 1, 'vicious', 'zły, złośliwy'),
(85, 1, 'loom', 'wynurzać się (z mgły)'),
(86, 1, 'twine', 'wykręcać'),
(87, 1, 'bundle', 'wiązka'),
(88, 1, 'invoke', 'odwołać się, wezwać'),
(89, 1, 'scaffolding', 'rusztowanie'),
(90, 1, 'tenant', 'lokator'),
(91, 1, 'rampart', 'wał'),
(92, 1, 'decent', 'przyzwoity'),
(93, 1, 'precede', 'poprzedzać'),
(94, 1, 'obliterate', 'wymazać'),
(95, 1, 'latter', 'drugi'),
(96, 1, 'encounter', 'natknąć się, starcie'),
(97, 1, 'clutter', 'nieład'),
(98, 1, 'cluster', 'grupa'),
(99, 1, 'superfluous', 'zbędny'),
(100, 1, 'unobtrusive', 'dyskretny'),
(101, 1, 'descendant', 'potomek'),
(102, 1, 'unlikely', 'mało prawdopodobne'),
(103, 1, 'repel', 'odpychać'),
(104, 1, 'barley', 'jęczmień'),
(105, 1, 'wheat', 'pszenica'),
(106, 1, 'yeast', 'drożdże'),
(107, 1, 'maize', 'kukurydza'),
(108, 1, 'ripen', 'dojrzewać'),
(109, 1, 'outweigh', 'przeważać'),
(110, 1, 'perimeter', 'obwód'),
(111, 1, 'despicable', 'podły'),
(112, 1, 'synopsis', 'streszczenie'),
(113, 1, 'concurrent', 'współbieżny'),
(114, 1, 'coincident', 'zbieżny, zgodny, równoczesny'),
(115, 1, 'plausible', 'prawdopodobny, wiarygodny'),
(116, 1, 'parcel', 'paczka'),
(117, 1, 'dignity', 'godność'),
(118, 1, 'persistent', 'trwały'),
(119, 1, 'ellipsis', 'wielokropek'),
(120, 1, 'seal off', 'zamykać dostęp do'),
(121, 1, 'breach', 'wyłom, przełamać'),
(122, 1, 'spurious', 'nieprawdziwy'),
(123, 1, 'ambiguous', 'dwuznaczny'),
(124, 1, 'ostensibly', 'rzekomo'),
(125, 1, 'propriety', 'stosowność'),
(126, 1, 'proprietary', 'własny, firmowy'),
(127, 1, 'scarce', 'ograniczony'),
(128, 1, 'quotas', 'przydział'),
(129, 1, 'bias', 'odchyłka, stronniczość, uprzedzenie'),
(130, 1, 'cater', 'zaopatrywać'),
(131, 1, 'cumbersome', 'niewygodny'),
(132, 1, 'payload', 'ładunek'),
(133, 1, 'sentry', 'wartownik'),
(134, 1, 'suffice', 'wystarczać'),
(135, 1, 'designate', 'wyznaczać'),
(136, 1, 'denote', 'oznaczyć'),
(137, 1, 'tier', 'poziom, warstwa'),
(138, 1, 'subsequent', 'późniejszy'),
(139, 1, 'frontier', 'granica'),
(140, 1, 'depiction', 'opis'),
(141, 1, 'invoice', 'faktura'),
(142, 1, 'inference', 'wnioskowanie'),
(143, 1, 'crucial', 'rozstrzygający'),
(144, 1, 'suppress', 'stłumić'),
(145, 1, 'affinity', 'podobieństwo'),
(146, 1, 'augmented', 'rozszerzony'),
(147, 1, 'inhabitant', 'mieszkaniec'),
(148, 1, 'mock', 'próbny'),
(149, 1, 'intercept', 'przechwytywać'),
(150, 1, 'decline', 'spadek, podupadać'),
(151, 1, 'cognitive', 'poznawczy'),
(152, 1, 'contiguous', 'przyległy'),
(153, 1, 'collate', 'zestawić'),
(154, 1, 'verbatim', 'dosłownie'),
(155, 1, 'coercion', 'wymuszenie, przymus'),
(156, 1, 'thoroughly', 'całkowicie'),
(157, 1, 'unattended', 'bez nadzoru'),
(158, 1, 'nonetheless', 'pomimo to'),
(159, 1, 'precedence', 'pierwszeństwo'),
(160, 1, 'pedigree', 'rodowód'),
(161, 1, 'solely', 'jedynie, wyłącznie'),
(162, 1, 'merely', 'jedynie'),
(163, 1, 'conform', 'dostosowywać się'),
(164, 1, 'contradiction', 'sprzeczność'),
(165, 1, 'compel', 'zmuszać'),
(166, 1, 'inhibit', 'powstrzymywać'),
(167, 1, 'verity', 'prawda'),
(168, 1, 'recede', 'cofać się'),
(169, 1, 'scatter', 'rozrzucać, rozproszyć się'),
(170, 1, 'bulk', 'hurt'),
(171, 1, 'evade', 'unikać'),
(172, 1, 'assessment', 'oszacowanie'),
(173, 1, 'abruptly', 'nagle'),
(174, 1, 'perseverance', 'wytrwałość'),
(175, 1, 'hence', 'stąd'),
(176, 1, 'resort', 'uciekać się, uciekanie się'),
(177, 1, 'as a last resort', 'w ostateczności'),
(178, 1, 'invariant', 'niezmienny'),
(179, 1, 'sophisticated', 'wyrafinowany'),
(180, 1, 'refer to', 'oznaczać, odnosić się do, korzystać z'),
(181, 1, 'due to', 'z powodu'),
(182, 1, 'tread', 'chód, bieżnik'),
(183, 1, 'reluctant', 'niechętny'),
(184, 1, 'consecutive', 'kolejny'),
(185, 1, 'stare', 'gapić się'),
(186, 1, 'viral', 'wirusowy'),
(187, 1, 'subvert', 'obalać'),
(188, 1, 'dormant', 'bezczynny, śpiący'),
(189, 1, 'fragrance', 'zapach'),
(190, 1, 'stake', 'kołek, stawka, obstawiać'),
(191, 1, 'streak', 'pasmo, smuga'),
(192, 1, 'sustain', 'podtrzymywać'),
(193, 1, 'spree', 'hulanka, szał'),
(194, 1, 'perpetual', 'wieczny'),
(195, 1, 'lurk', 'czaić się'),
(196, 1, 'peek', 'zerkać'),
(197, 1, 'peak', 'szczyt'),
(198, 1, 'compulsory', 'przymusowy'),
(199, 1, 'bizarre', 'dziwaczny'),
(200, 1, 'ultimate', 'ostateczny, największy'),
(201, 1, 'latch', 'zatrzask'),
(202, 1, 'grieve', 'smucić się'),
(203, 1, 'mutually', 'wzajemnie'),
(204, 1, 'cohesion', 'spójność'),
(205, 1, 'revoke', 'unieważniać'),
(206, 1, 'endurance', 'wytrzymałość'),
(207, 1, 'diminish', 'pomniejszać'),
(208, 1, 'disrupt', 'zakłócać, krzyżować'),
(209, 1, 'altogether', 'całkowicie, generalnie'),
(210, 1, 'yield', 'zysk, przynosić plon, ustępować'),
(211, 1, 'negligible', 'nieistotny'),
(213, 1, 'albeit', 'aczkolwiek'),
(214, 1, 'thyme', 'tymianek'),
(215, 1, 'prior to', 'przed'),
(216, 1, 'extent', 'zakres, zasięg'),
(217, 1, 'surplus', 'nadmiar, nadmiarowy'),
(218, 1, 'breed', 'hodować'),
(219, 1, 'thus', 'a zatem'),
(220, 1, 'remarkable', 'nadzwyczajny'),
(221, 1, 'mediocre', 'przeciętny, mierny'),
(222, 1, 'meaningful', 'sensowny'),
(223, 1, 'my bias', 'moje podejście, nastawienie, punkt widzenia'),
(224, 1, 'twofold', 'dwojaki'),
(225, 1, 'grasp', 'chwycić, zrozumieć'),
(226, 1, 'grab', 'chwycić, złapać'),
(227, 1, 'canvas', 'płótno np do malowania, pojęcie wykorzystywane w programowaniu w kontekście rysowania grafik'),
(228, 1, 'stilted', 'nienaturalny'),
(229, 1, 'invaluable', 'nieceniony'),
(230, 1, 'prevents', 'zapobiega'),
(231, 1, 'explicitly', 'wyraźnie'),
(232, 1, 'strive', 'starać się'),
(233, 1, 'scarce', 'deficytowy'),
(234, 1, 'exhausting', 'wyczerpujący'),
(235, 1, 'internally', 'wewnętrznie'),
(236, 1, 'obscured', 'zasłonięte'),
(237, 1, 'reminiscing', 'przywoływanie wspomnień'),
(238, 1, 'coverage', 'reportaż, omówienie prasowe, pokrycie'),
(239, 1, 'comprehensive', 'wszechstronny, obszerny'),
(240, 1, 'efforts', 'starania'),
(241, 1, 'press release', 'komunikat prasowy'),
(242, 1, 'fees', 'opłaty'),
(243, 1, 'redeem', 'wykupić, odkupić'),
(244, 1, 'audit', 'sprawdzenie, rewizja'),
(245, 1, 'sublime', 'wzniosły, idealny, wysublimowany'),
(246, 1, 'contribute', 'przyczynić się, wnieść wkład'),
(247, 1, 'utilize', 'wykorzystać, eksploatować'),
(248, 1, 'prompt', 'skłonić, namówić'),
(249, 1, 'assumption', 'założenie, hipoteza'),
(250, 1, 'attempt', 'próba, usiłowanie'),
(251, 1, 'appropriate', 'właściwy, stosowny'),
(252, 1, 'robust', 'silny, krzepki'),
(253, 1, 'home theater', 'kino domowe'),
(254, 1, 'puberty', 'dojrzewanie płciowe'),
(255, 1, 'omitting', 'pomijać'),
(256, 1, 'consecutive', 'kolejny, nieprzerwany, seryjny, następujący po czymś'),
(257, 1, 'auxiliary', 'Pomocniczy, posiłkowy'),
(258, 1, 'scheduled', 'planowy'),
(259, 1, 'suppress', 'stłumić, znieść'),
(260, 1, 'declined', 'odrzucony'),
(261, 1, 'quote', 'cytować'),
(262, 1, 'tender', 'delikatny'),
(263, 1, 'wreck', 'wrak'),
(264, 1, 'tribute', 'hołd, uznanie'),
(265, 1, 'explicit', 'wyraźny, kategoryczny'),
(266, 1, 'white paper', 'dokument reklamujący jakiś produkt ( ma jeszcze inne znaczenia )'),
(267, 1, 'resource efficiency', 'efektywność wykorzystania zasobów'),
(268, 1, 'sequality', 'sekwencja'),
(269, 1, 'executive', 'wykonawczy'),
(270, 1, 'executive summary', 'streszczenie'),
(271, 1, 'redeem', 'wykupić, odkupić'),
(272, 1, 'stilted', 'nienaturalny, wymuszony'),
(273, 1, 'twofold', 'dwojaki, dwukrotny'),
(274, 1, 'sublime', 'wzniosły, idealny, wysublimowany'),
(275, 1, 'grasp', 'chwytać, zrozumieć'),
(276, 1, 'ward', 'oddział, dzielnica'),
(277, 1, 'conceal', 'ukrywać'),
(278, 1, 'respectively', 'odpowiednio'),
(279, 1, 'resilient', 'sprężysty'),
(280, 1, 'postpone', 'odraczać'),
(281, 1, 'reconcile', 'pogodzić'),
(282, 1, 'state of the art', 'współczesny stan wiedzy'),
(283, 1, 'overhaul', 'przegląd'),
(284, 1, 'primordial', 'pierwotny'),
(285, 1, 'cogged', 'zębaty'),
(286, 1, 'rack', 'półka, stojak'),
(287, 1, 'tremble', 'drżeć'),
(288, 1, 'anxiety', 'niepokój'),
(289, 1, 'frail', 'słaby, wątły'),
(290, 1, 'sip', 'łyk'),
(291, 1, 'audible', 'słyszalny'),
(292, 1, 'discretionary', 'nieobowiązkowy'),
(293, 1, 'spouse', 'małżonek, małżonka'),
(294, 1, 'consolation', 'pocieszenie'),
(295, 1, 'stand by', 'być gotowym, wspierać'),
(296, 1, 'hang around', 'pałętać się'),
(297, 1, 'beguile', 'mamić'),
(298, 1, 'toss', 'rzucać'),
(299, 1, 'tentative', 'niepewny, wstępny'),
(300, 1, 'grim', 'ponury'),
(301, 1, 'alike', 'podobnie, podobny'),
(302, 1, 'swell', 'narastać'),
(303, 1, 'menace', 'groźba, zagrożenie'),
(304, 1, 'quarrel', 'kłótnia, kłócić się'),
(305, 1, 'premises', 'siedziba, teren'),
(306, 1, 'compulsive', 'przymusowy'),
(307, 1, 'chairman', 'przewodniczący, prezes'),
(308, 1, 'diffuse', 'rozproszony'),
(309, 1, 'be at the mercy of', 'być zdanym na łaskę'),
(310, 1, 'disparity', 'nierówność'),
(311, 1, 'infringement', 'naruszenie'),
(312, 1, 'diversity', 'różnorodność'),
(313, 1, 'admissible', 'dopuszczalny'),
(314, 1, 'neat', 'staranny'),
(315, 1, 'superior', 'lepszy, starszy'),
(316, 1, 'shortcoming', 'mankament, niedostatek'),
(317, 1, 'discrepancy', 'rozbieżność'),
(318, 1, 'feasible', 'wykonalny'),
(319, 1, 'neglect', 'zaniedbywać, zaniedbanie'),
(320, 1, 'excerpt', 'urywek, fragment, wyjątek'),
(321, 1, 'burden', 'obciążenie'),
(322, 1, 'suitable', 'odpowiedni'),
(323, 1, 'extraneous', 'uboczny'),
(324, 1, 'overcome', 'przezwyciężać'),
(325, 1, 'opinionated', 'zawzięty, zadufany'),
(326, 1, 'successor', 'następca'),
(327, 1, 'efficient', 'wydajny'),
(328, 1, 'effective', 'skuteczny'),
(329, 1, 'vague', 'niejasny'),
(330, 1, 'receptacle', 'gniazdo (wtykowe)'),
(331, 1, 'slack', 'luźny'),
(332, 1, 'affection', 'uczucie'),
(333, 1, 'gratitude', 'wdzięczność'),
(334, 1, 'attain', 'osiągnąć'),
(335, 1, 'loathe', 'nienawidzić'),
(336, 1, 'revise', 'poprawić'),
(337, 1, 'intermediary', 'pośrednik'),
(338, 1, 'caveat', 'zastrzeżenie'),
(339, 1, 'interim', 'tymczasowy, przejściowy'),
(340, 1, 'inherently', 'z natury'),
(341, 1, 'innocuous', 'nieszkodliwy'),
(342, 1, 'opt out', 'zrezygnować'),
(343, 1, 'in moderation', 'z umiarem'),
(344, 1, 'disclose', 'ujawniać'),
(345, 1, 'harsh', 'surowy, ostry'),
(346, 1, 'cease', 'ustawać'),
(347, 1, 'stale', 'nieświeży'),
(348, 1, 'condemn', 'potępiać, skazywać'),
(349, 1, 'gist', 'esencja, sedno'),
(350, 1, 'fortnightly', 'dwutygodniowy'),
(351, 1, 'firmly', 'stanowczo, pewnie'),
(352, 1, 'bogus', 'fałszywy, podrobiony'),
(353, 1, 'envy', 'zazdrość'),
(354, 1, 'prevail', 'przeważać'),
(355, 1, 'chasm', 'przepaść'),
(356, 1, 'rejoice', 'cieszyć się'),
(357, 1, 'perceive', 'postrzegać'),
(358, 1, 'incorporate', 'włączać w, zawierać'),
(359, 1, 'exaggerate', 'wyolbrzymiać'),
(360, 1, 'urge', 'pragnienie, namawiać'),
(361, 1, 'converge', 'zbiegać się'),
(362, 1, 'disregard', 'lekceważyć'),
(363, 1, 'lucrative', 'dochodowy'),
(364, 1, 'retaliation', 'odwet'),
(365, 1, 'tamper with', 'ingerować, majstrować przy'),
(366, 1, 'tinker with', 'majstrować przy'),
(367, 1, 'unravel', 'rozwikłać'),
(368, 1, 'commotion', 'zamieszanie'),
(369, 1, 'overlap', 'zakładka, zachodzić'),
(370, 1, 'endorse', 'popierać'),
(371, 1, 'intrinsic', 'wrodzony'),
(372, 1, 'reckon', 'przypuszczać, szacować'),
(373, 1, 'praise', 'pochwała'),
(374, 1, 'churlish', 'chamski'),
(375, 1, 'enhance', 'ulepszać'),
(376, 1, 'somber', 'ponury'),
(377, 1, 'deliberately', 'celowo'),
(378, 1, 'humiliate', 'poniżać'),
(379, 1, 'siblings', 'rodzeństwo'),
(380, 1, 'taint', 'zanieczyszczać'),
(381, 1, 'detention', 'przetrzymanie'),
(382, 1, 'reassuring', 'uspokajający'),
(383, 1, 'insidious', 'podstępny, zdradziecki'),
(384, 1, 'elusive', 'nieuchwytny, ulotny'),
(385, 1, 'proficiency', 'biegłość'),
(386, 1, 'comprehension', 'zrozumienie'),
(387, 1, 'circumvent', 'omijać, obejść'),
(388, 1, 'goofy', 'głupkowaty'),
(389, 1, 'hilarious', 'zabawny, komiczny'),
(390, 1, 'promptly', 'natychmiast'),
(391, 1, 'namely', 'a mianowicie'),
(392, 1, 'supersede', 'wypierać, zastąpić'),
(393, 1, 'chassis', 'podwozie'),
(394, 1, 'arbitrary', 'dowolny, przypadkowy'),
(395, 1, 'preliminary', 'wstępny'),
(396, 1, 'conscientious', 'sumienny'),
(397, 1, 'anticipate', 'przewidywać'),
(398, 1, 'behold', 'ujrzeć'),
(399, 1, 'self-esteem', 'samoocena'),
(400, 1, 'thrive', 'rozwijać się, prosperować'),
(401, 1, 'impose', 'nakładać'),
(402, 1, 'conceivable', 'wyobrażalny'),
(403, 1, 'rectify', 'prostować'),
(404, 1, 'daunting', 'zniechęcający'),
(405, 1, 'incentive', 'zachęta, bodziec'),
(406, 1, 'tackle', 'podejmować walkę z'),
(407, 1, 'clumsy', 'niezdarny'),
(408, 1, 'come across', 'natknąć się'),
(409, 1, 'afterall', 'ostatecznie'),
(410, 1, 'refrain', 'powstrzymywać się'),
(411, 1, 'insight', 'wgląd, spostrzeżenie'),
(412, 1, 'non-intrusive', 'nieinwazyjny'),
(413, 1, 'mitigate', 'załagodzić');

--
-- Indexes for dumped tables
--

--
-- Indexes for table `dictionary`
--
ALTER TABLE `dictionary`
  ADD PRIMARY KEY (`id`),
  ADD UNIQUE KEY `unique_source_target_language_id` (`source_language_id`,`target_language_id`),
  ADD KEY `FKdfyihlofn3rpj7g0kpue2nbv9` (`source_language_id`),
  ADD KEY `FKpuelx1rs0c5w9oiirfkp73plw` (`target_language_id`);

--
-- Indexes for table `language`
--
ALTER TABLE `language`
  ADD PRIMARY KEY (`id`),
  ADD UNIQUE KEY `unique_code` (`code`);

--
-- Indexes for table `rank`
--
ALTER TABLE `rank`
  ADD PRIMARY KEY (`id`),
  ADD UNIQUE KEY `unique_user_word_id_reversed_dictionary` (`user_word_id`,`reversed_dictionary`);

--
-- Indexes for table `user`
--
ALTER TABLE `user`
  ADD PRIMARY KEY (`id`);

--
-- Indexes for table `user_word`
--
ALTER TABLE `user_word`
  ADD PRIMARY KEY (`id`),
  ADD UNIQUE KEY `unique_user_id_word_id` (`user_id`,`word_id`),
  ADD KEY `FK70vcixbxt7t2lhgcng6ukg74x` (`user_id`),
  ADD KEY `FKjqlk39web147dg7bn1efkbddk` (`word_id`);

--
-- Indexes for table `word`
--
ALTER TABLE `word`
  ADD PRIMARY KEY (`id`),
  ADD KEY `FKpevq98n5q80gkuhdf3yik5sba` (`dictionary_id`);

--
-- AUTO_INCREMENT for dumped tables
--

--
-- AUTO_INCREMENT for table `dictionary`
--
ALTER TABLE `dictionary`
  MODIFY `id` bigint(20) NOT NULL AUTO_INCREMENT, AUTO_INCREMENT=2;
--
-- AUTO_INCREMENT for table `language`
--
ALTER TABLE `language`
  MODIFY `id` bigint(20) NOT NULL AUTO_INCREMENT, AUTO_INCREMENT=3;
--
-- AUTO_INCREMENT for table `rank`
--
ALTER TABLE `rank`
  MODIFY `id` bigint(20) NOT NULL AUTO_INCREMENT, AUTO_INCREMENT=827;
--
-- AUTO_INCREMENT for table `user`
--
ALTER TABLE `user`
  MODIFY `id` bigint(20) NOT NULL AUTO_INCREMENT, AUTO_INCREMENT=3;
--
-- AUTO_INCREMENT for table `user_word`
--
ALTER TABLE `user_word`
  MODIFY `id` bigint(20) NOT NULL AUTO_INCREMENT, AUTO_INCREMENT=414;
--
-- AUTO_INCREMENT for table `word`
--
ALTER TABLE `word`
  MODIFY `id` bigint(20) NOT NULL AUTO_INCREMENT, AUTO_INCREMENT=414;
--
-- Constraints for dumped tables
--

--
-- Constraints for table `dictionary`
--
ALTER TABLE `dictionary`
  ADD CONSTRAINT `FKdfyihlofn3rpj7g0kpue2nbv9` FOREIGN KEY (`source_language_id`) REFERENCES `language` (`id`),
  ADD CONSTRAINT `FKpuelx1rs0c5w9oiirfkp73plw` FOREIGN KEY (`target_language_id`) REFERENCES `language` (`id`);

--
-- Constraints for table `rank`
--
ALTER TABLE `rank`
  ADD CONSTRAINT `FKlx47nee3aig7fd95yh6ft45fs` FOREIGN KEY (`user_word_id`) REFERENCES `user_word` (`id`);

--
-- Constraints for table `user_word`
--
ALTER TABLE `user_word`
  ADD CONSTRAINT `FK70vcixbxt7t2lhgcng6ukg74x` FOREIGN KEY (`user_id`) REFERENCES `user` (`id`),
  ADD CONSTRAINT `FKjqlk39web147dg7bn1efkbddk` FOREIGN KEY (`word_id`) REFERENCES `word` (`id`);

--
-- Constraints for table `word`
--
ALTER TABLE `word`
  ADD CONSTRAINT `FKpevq98n5q80gkuhdf3yik5sba` FOREIGN KEY (`dictionary_id`) REFERENCES `dictionary` (`id`);

/*!40101 SET CHARACTER_SET_CLIENT=@OLD_CHARACTER_SET_CLIENT */;
/*!40101 SET CHARACTER_SET_RESULTS=@OLD_CHARACTER_SET_RESULTS */;
/*!40101 SET COLLATION_CONNECTION=@OLD_COLLATION_CONNECTION */;
