-- phpMyAdmin SQL Dump
-- version 4.2.12deb2+deb8u2
-- http://www.phpmyadmin.net
--
-- Host: localhost
-- Generation Time: Sep 19, 2017 at 12:04 AM
-- Server version: 5.5.57-0+deb8u1
-- PHP Version: 5.6.30-0+deb8u1

SET SQL_MODE = "NO_AUTO_VALUE_ON_ZERO";
SET time_zone = "+00:00";


/*!40101 SET @OLD_CHARACTER_SET_CLIENT=@@CHARACTER_SET_CLIENT */;
/*!40101 SET @OLD_CHARACTER_SET_RESULTS=@@CHARACTER_SET_RESULTS */;
/*!40101 SET @OLD_COLLATION_CONNECTION=@@COLLATION_CONNECTION */;
/*!40101 SET NAMES utf8 */;

--
-- Database: `webdict`
--

-- --------------------------------------------------------

--
-- Table structure for table `dictionary`
--

CREATE TABLE IF NOT EXISTS `dictionary` (
`id` bigint(20) NOT NULL,
  `source_language_id` bigint(20) DEFAULT NULL,
  `target_language_id` bigint(20) DEFAULT NULL
) ENGINE=InnoDB AUTO_INCREMENT=2 DEFAULT CHARSET=utf8 COLLATE=utf8_bin;

--
-- Dumping data for table `dictionary`
--

INSERT INTO `dictionary` (`id`, `source_language_id`, `target_language_id`) VALUES
(1, 1, 2);

-- --------------------------------------------------------

--
-- Table structure for table `language`
--

CREATE TABLE IF NOT EXISTS `language` (
`id` bigint(20) NOT NULL,
  `code` varchar(255) COLLATE utf8_bin DEFAULT NULL
) ENGINE=InnoDB AUTO_INCREMENT=3 DEFAULT CHARSET=utf8 COLLATE=utf8_bin;

--
-- Dumping data for table `language`
--

INSERT INTO `language` (`id`, `code`) VALUES
(1, 'en'),
(2, 'pl');

-- --------------------------------------------------------

--
-- Table structure for table `rank`
--

CREATE TABLE IF NOT EXISTS `rank` (
`id` bigint(20) NOT NULL,
  `reversed_dictionary` bit(1) NOT NULL,
  `last_use` datetime DEFAULT NULL,
  `rank_value` double NOT NULL,
  `tries_count` int(11) NOT NULL,
  `user_word_id` bigint(20) DEFAULT NULL
) ENGINE=InnoDB AUTO_INCREMENT=565 DEFAULT CHARSET=utf8 COLLATE=utf8_bin;

--
-- Dumping data for table `rank`
--

INSERT INTO `rank` (`id`, `reversed_dictionary`, `last_use`, `rank_value`, `tries_count`, `user_word_id`) VALUES
(1, b'0', '2017-09-17 15:55:23', 1, 2, 1),
(2, b'0', '2017-08-29 10:30:39', -1, 1, 2),
(3, b'0', NULL, -1, 0, 3),
(4, b'0', NULL, -1, 0, 4),
(5, b'0', NULL, -1, 0, 5),
(6, b'0', NULL, -1, 0, 6),
(7, b'0', NULL, -1, 0, 7),
(8, b'0', NULL, -1, 0, 8),
(9, b'0', NULL, -1, 0, 9),
(10, b'0', '2017-09-10 11:06:17', -1, 1, 10),
(11, b'0', '2017-09-17 15:58:32', 1, 1, 11),
(12, b'0', NULL, -1, 0, 12),
(13, b'0', '2017-08-29 10:30:30', -1, 1, 13),
(14, b'0', NULL, -1, 0, 14),
(15, b'0', NULL, -1, 0, 15),
(16, b'0', '2017-08-28 16:13:14', -1, 1, 16),
(17, b'0', NULL, -1, 0, 17),
(18, b'0', '2017-09-17 15:59:15', 0, 2, 18),
(19, b'0', '2017-09-17 15:57:53', 0, 1, 19),
(20, b'0', '2017-09-17 15:57:11', 1, 1, 20),
(21, b'0', '2017-09-17 15:56:55', 0, 1, 21),
(22, b'0', NULL, -1, 0, 22),
(23, b'0', '2017-09-17 15:55:27', 1, 2, 23),
(24, b'0', '2017-08-28 16:13:09', -1, 1, 24),
(25, b'0', '2017-09-10 11:05:29', -1, 1, 25),
(26, b'0', '2017-09-17 15:59:19', 0, 2, 26),
(27, b'0', '2017-09-17 20:30:27', 4, 4, 27),
(28, b'0', '2017-09-10 11:04:55', -1, 1, 28),
(29, b'0', '2017-09-17 15:58:40', 0, 1, 29),
(30, b'0', '2017-08-29 10:30:19', -1, 1, 30),
(31, b'0', '2017-09-01 11:11:25', 0, 6, 31),
(32, b'0', NULL, -1, 0, 32),
(33, b'0', '2017-09-17 15:59:33', -1, 2, 33),
(34, b'0', '2017-09-17 15:55:05', 0, 2, 34),
(35, b'0', '2017-09-17 16:00:08', -1, 3, 35),
(36, b'0', NULL, -1, 0, 36),
(37, b'0', '2017-09-17 16:00:18', -1, 3, 37),
(38, b'0', '2017-09-17 15:58:16', 1, 1, 38),
(39, b'0', '2017-09-17 15:58:13', -1, 1, 39),
(40, b'0', '2017-08-30 15:26:42', -1, 1, 40),
(41, b'0', '2017-09-01 11:11:23', 0, 5, 41),
(42, b'0', NULL, -1, 0, 42),
(43, b'0', '2017-09-10 11:06:21', -1, 1, 43),
(44, b'0', '2017-09-17 15:58:55', 0, 1, 44),
(45, b'0', '2017-09-17 15:58:50', 1, 1, 45),
(46, b'0', NULL, -1, 0, 46),
(47, b'0', NULL, -1, 0, 47),
(48, b'0', NULL, -1, 0, 48),
(49, b'0', NULL, -1, 0, 49),
(50, b'0', NULL, -1, 0, 50),
(51, b'0', '2017-08-30 10:07:19', 0, 2, 51),
(52, b'0', NULL, -1, 0, 52),
(53, b'0', '2017-08-25 10:11:29', -1, 0, 53),
(54, b'0', NULL, -1, 0, 54),
(55, b'0', '2017-08-29 10:27:10', 0, 2, 55),
(56, b'0', '2017-09-01 11:12:57', -1, 1, 56),
(57, b'0', '2017-09-17 15:58:28', 0, 1, 57),
(58, b'0', '2017-09-17 15:59:29', -1, 2, 58),
(59, b'0', '2017-08-24 16:54:32', -1, 0, 59),
(60, b'0', NULL, -1, 0, 60),
(61, b'0', NULL, -1, 0, 61),
(62, b'0', NULL, -1, 0, 62),
(63, b'0', '2017-08-30 15:29:58', -1, 1, 63),
(64, b'0', '2017-09-17 15:55:02', 2, 2, 64),
(65, b'0', '2017-09-01 11:11:28', -1, 1, 65),
(66, b'0', '2017-09-17 15:56:49', -1, 1, 66),
(67, b'0', NULL, -1, 0, 67),
(68, b'0', NULL, -1, 0, 68),
(69, b'0', '2017-08-30 15:12:25', 0, 2, 69),
(70, b'0', '2017-08-30 15:26:14', 0, 4, 70),
(71, b'0', NULL, -1, 0, 71),
(72, b'0', NULL, -1, 0, 72),
(73, b'0', NULL, -1, 0, 73),
(74, b'0', NULL, -1, 0, 74),
(75, b'0', NULL, -1, 0, 75),
(76, b'0', '2017-09-17 15:59:07', 1, 2, 76),
(77, b'0', '2017-08-30 15:27:00', -1, 1, 77),
(78, b'0', NULL, -1, 0, 78),
(79, b'0', NULL, -1, 0, 79),
(80, b'0', '2017-09-17 15:57:19', -1, 1, 80),
(81, b'0', '2017-09-06 10:36:40', 0, 2, 81),
(82, b'0', '2017-08-30 10:07:16', 0, 2, 82),
(83, b'0', NULL, -1, 0, 83),
(84, b'0', '2017-08-30 15:27:06', -1, 1, 84),
(85, b'0', '2017-09-17 15:15:20', 0, 2, 85),
(86, b'0', '2017-09-09 00:12:55', 0, 6, 86),
(87, b'0', '2017-09-10 11:03:40', -1, 1, 87),
(88, b'0', '2017-09-17 15:59:25', 0, 2, 88),
(89, b'0', '2017-08-29 10:30:08', -1, 1, 89),
(90, b'0', '2017-09-10 11:07:48', -1, 1, 90),
(91, b'0', NULL, -1, 0, 91),
(92, b'0', '2017-09-09 00:13:42', -1, 1, 92),
(93, b'0', NULL, -1, 0, 93),
(94, b'0', '2017-09-17 20:30:03', 7, 10, 94),
(95, b'0', '2017-08-28 16:12:57', -1, 1, 95),
(96, b'0', '2017-09-01 11:12:16', -1, 1, 96),
(97, b'0', '2017-09-17 15:57:15', 1, 1, 97),
(98, b'0', '2017-09-17 15:58:08', -1, 1, 98),
(99, b'0', NULL, -1, 0, 99),
(100, b'0', NULL, -1, 0, 100),
(101, b'0', NULL, -1, 0, 101),
(102, b'0', '2017-09-10 11:05:19', -1, 1, 102),
(103, b'0', '2017-09-10 11:06:48', -1, 1, 103),
(104, b'0', NULL, -1, 0, 104),
(105, b'0', NULL, -1, 0, 105),
(106, b'0', '2017-08-29 10:30:57', -1, 1, 106),
(107, b'0', '2017-09-01 11:12:38', -1, 1, 107),
(108, b'0', NULL, -1, 0, 108),
(109, b'0', '2017-08-29 10:30:33', -1, 1, 109),
(110, b'0', NULL, -1, 0, 110),
(111, b'0', '2017-08-29 10:31:01', -1, 1, 111),
(112, b'0', '2017-09-17 15:55:33', 0, 4, 112),
(113, b'0', '2017-09-17 15:59:00', -1, 1, 113),
(114, b'0', '2017-09-17 15:57:41', 1, 1, 114),
(115, b'0', '2017-09-09 00:12:46', 0, 2, 115),
(116, b'0', '2017-08-30 15:12:37', -1, 1, 116),
(117, b'0', '2017-09-01 11:11:42', -1, 1, 117),
(118, b'0', NULL, -1, 0, 118),
(119, b'0', NULL, -1, 0, 119),
(120, b'0', NULL, -1, 0, 120),
(121, b'0', '2017-09-17 16:00:15', 1, 3, 121),
(122, b'0', NULL, -1, 0, 122),
(123, b'0', NULL, -1, 0, 123),
(124, b'0', '2017-09-17 15:56:08', 0, 6, 124),
(125, b'0', '2017-08-29 10:30:06', 0, 4, 125),
(126, b'0', '2017-09-09 00:13:04', 0, 12, 126),
(127, b'0', NULL, -1, 0, 127),
(128, b'0', '2017-09-10 11:06:06', -1, 1, 128),
(129, b'0', '2017-09-17 15:59:57', 0, 3, 129),
(130, b'0', '2017-08-28 10:10:45', 0, 2, 130),
(131, b'0', '2017-08-23 21:44:42', -1, 0, 131),
(132, b'0', '2017-08-29 10:29:57', 0, 2, 132),
(133, b'0', NULL, -1, 0, 133),
(134, b'0', '2017-09-17 15:58:21', -1, 1, 134),
(135, b'0', '2017-09-17 15:55:09', 1, 2, 135),
(136, b'0', '2017-09-17 20:30:20', 6, 13, 136),
(137, b'0', NULL, -1, 0, 137),
(138, b'0', '2017-08-28 10:10:14', 0, 2, 138),
(139, b'0', '2017-08-29 10:30:11', -1, 1, 139),
(140, b'0', '2017-09-17 15:59:50', 1, 3, 140),
(141, b'0', '2017-08-30 10:08:00', -1, 1, 141),
(142, b'0', '2017-09-10 11:03:55', -1, 1, 142),
(143, b'0', '2017-09-10 11:04:50', -1, 1, 143),
(144, b'0', NULL, -1, 0, 144),
(145, b'0', '2017-08-30 15:26:21', -1, 1, 145),
(146, b'0', '2017-08-25 10:11:09', -1, 0, 146),
(147, b'0', '2017-08-28 16:14:48', -1, 1, 147),
(148, b'0', NULL, -1, 0, 148),
(149, b'0', NULL, -1, 0, 149),
(150, b'0', '2017-08-29 10:30:01', 0, 4, 150),
(151, b'0', NULL, -1, 0, 151),
(152, b'0', '2017-08-25 10:11:00', -1, 0, 152),
(153, b'0', NULL, -1, 0, 153),
(154, b'0', '2017-09-17 15:57:32', -1, 1, 154),
(155, b'0', '2017-08-29 10:27:04', 0, 2, 155),
(156, b'0', '2017-09-17 15:57:23', -1, 1, 156),
(157, b'0', NULL, -1, 0, 157),
(158, b'0', '2017-09-17 15:57:01', 0, 1, 158),
(159, b'0', NULL, -1, 0, 159),
(160, b'0', '2017-09-06 10:36:44', 0, 2, 160),
(161, b'0', '2017-09-17 15:58:04', 1, 1, 161),
(162, b'0', NULL, -1, 0, 162),
(163, b'0', NULL, -1, 0, 163),
(164, b'0', '2017-09-17 15:59:42', -1, 3, 164),
(165, b'0', '2017-09-17 15:59:04', 1, 1, 165),
(166, b'0', '2017-09-17 15:54:48', 2, 6, 166),
(167, b'0', '2017-08-29 10:31:04', -1, 1, 167),
(168, b'0', '2017-09-10 11:03:46', -1, 1, 168),
(169, b'0', '2017-09-10 11:04:13', -1, 1, 169),
(170, b'0', NULL, -1, 0, 170),
(171, b'0', NULL, -1, 0, 171),
(172, b'0', NULL, -1, 0, 172),
(173, b'0', '2017-09-10 11:07:04', -1, 1, 173),
(174, b'0', '2017-08-28 16:12:59', -1, 1, 174),
(175, b'0', NULL, -1, 0, 175),
(176, b'0', '2017-09-01 11:11:52', -1, 1, 176),
(177, b'0', NULL, -1, 0, 177),
(178, b'0', '2017-08-30 10:08:27', -1, 1, 178),
(179, b'0', '2017-09-10 11:05:44', -1, 1, 179),
(180, b'0', '2017-09-10 11:07:24', -1, 1, 180),
(181, b'0', NULL, -1, 0, 181),
(182, b'0', '2017-09-10 11:06:25', -1, 1, 182),
(183, b'0', '2017-09-17 15:54:50', 2, 10, 183),
(184, b'0', '2017-09-01 11:10:05', 0, 2, 184),
(185, b'0', NULL, -1, 0, 185),
(186, b'0', '2017-08-28 16:14:51', -1, 1, 186),
(187, b'0', '2017-09-10 11:07:30', -1, 1, 187),
(188, b'0', NULL, -1, 0, 188),
(189, b'0', NULL, -1, 0, 189),
(190, b'0', '2017-09-17 15:58:45', -1, 1, 190),
(191, b'0', NULL, -1, 0, 191),
(192, b'0', '2017-08-28 16:12:54', -1, 1, 192),
(193, b'0', NULL, -1, 0, 193),
(194, b'0', '2017-08-30 15:26:39', -1, 1, 194),
(195, b'0', '2017-09-09 00:12:52', 0, 4, 195),
(196, b'0', NULL, -1, 0, 196),
(197, b'0', '2017-08-25 10:11:16', -1, 0, 197),
(198, b'0', '2017-08-28 16:15:33', -1, 1, 198),
(199, b'0', NULL, -1, 0, 199),
(200, b'0', '2017-09-10 11:03:33', 0, 2, 200),
(201, b'0', '2017-09-17 15:59:39', -1, 2, 201),
(202, b'0', '2017-09-17 20:30:30', 2, 6, 202),
(203, b'0', NULL, -1, 0, 203),
(204, b'0', '2017-09-09 00:12:41', 0, 2, 204),
(205, b'0', '2017-09-17 15:55:13', 0, 2, 205),
(206, b'0', '2017-09-17 15:58:19', 1, 1, 206),
(207, b'0', '2017-08-29 10:31:21', -1, 1, 207),
(208, b'0', '2017-09-17 15:55:18', 0, 2, 208),
(209, b'0', '2017-09-17 15:56:25', 0, 14, 209),
(210, b'0', NULL, -1, 0, 210),
(211, b'0', '2017-09-17 15:57:28', 1, 1, 211),
(212, b'0', '2017-08-24 16:53:52', -1, 0, 212),
(213, b'0', '2017-09-01 11:12:06', -1, 1, 213),
(214, b'0', '2017-09-01 11:11:44', -1, 1, 214),
(215, b'0', '2017-09-17 15:59:36', -1, 2, 215),
(216, b'1', '2017-09-10 11:12:26', -1, 1, 1),
(217, b'1', '2017-08-21 17:03:07', 0, 0, 2),
(218, b'1', '2017-08-29 10:28:54', 0, 2, 3),
(219, b'1', NULL, 0, 0, 4),
(220, b'1', '2017-08-23 14:01:14', -1, 0, 5),
(221, b'1', '2017-09-01 14:48:09', 0, 4, 6),
(222, b'1', '2017-08-21 17:02:46', 0, 0, 7),
(223, b'1', '2017-08-23 14:00:41', 0, 0, 8),
(224, b'1', '2017-08-23 15:26:37', 0, 0, 9),
(225, b'1', '2017-09-09 00:18:49', -1, 1, 10),
(226, b'1', '2017-08-18 11:32:40', 0, 0, 11),
(227, b'1', '2017-08-25 14:31:04', 0, 0, 12),
(228, b'1', NULL, 0, 0, 13),
(229, b'1', '2017-09-01 14:46:55', 0, 2, 14),
(230, b'1', '2017-09-17 20:31:54', 4, 4, 15),
(231, b'1', '2017-08-29 10:28:43', 0, 1, 16),
(232, b'1', '2017-09-01 14:47:52', 0, 2, 17),
(233, b'1', '2017-08-25 14:31:10', 0, 0, 18),
(234, b'1', '2017-08-21 16:04:39', -1, 0, 19),
(235, b'1', '2017-09-01 14:47:15', 0, 2, 20),
(236, b'1', '2017-08-30 17:17:59', -1, 1, 21),
(237, b'1', '2017-08-29 10:28:47', 0, 1, 22),
(238, b'1', '2017-08-18 11:32:48', 0, 0, 23),
(239, b'1', NULL, 0, 0, 24),
(240, b'1', '2017-08-21 16:05:17', -1, 0, 25),
(241, b'1', '2017-09-17 16:00:54', 3, 3, 26),
(242, b'1', '2017-09-17 16:01:04', 1, 3, 27),
(243, b'1', '2017-09-09 00:18:35', -1, 1, 28),
(244, b'1', '2017-08-23 21:48:29', -1, 0, 29),
(245, b'1', '2017-08-21 16:05:11', -1, 0, 30),
(246, b'1', '2017-08-25 14:31:48', 0, 0, 31),
(247, b'1', '2017-09-17 20:32:06', 2, 4, 32),
(248, b'1', '2017-09-09 00:16:39', -1, 1, 33),
(249, b'1', '2017-08-21 16:05:30', -1, 0, 34),
(250, b'1', '2017-08-21 16:06:40', -1, 0, 35),
(251, b'1', '2017-09-17 16:02:31', 1, 1, 36),
(252, b'1', '2017-09-01 14:49:11', -1, 1, 37),
(253, b'1', '2017-09-17 16:00:37', 1, 3, 38),
(254, b'1', NULL, 0, 0, 39),
(255, b'1', '2017-08-24 15:33:13', 0, 0, 40),
(256, b'1', '2017-08-25 14:32:21', -1, 0, 41),
(257, b'1', '2017-09-06 11:03:04', 0, 2, 42),
(258, b'1', '2017-08-21 16:05:08', -1, 0, 43),
(259, b'1', '2017-09-09 00:16:58', -1, 1, 44),
(260, b'1', '2017-08-25 14:32:49', -1, 0, 45),
(261, b'1', '2017-08-30 17:17:31', -1, 1, 46),
(262, b'1', '2017-08-23 21:47:03', -1, 0, 47),
(263, b'1', '2017-08-23 14:01:27', -1, 0, 48),
(264, b'1', NULL, 0, 0, 49),
(265, b'1', '2017-09-09 00:17:32', -1, 1, 50),
(266, b'1', '2017-08-21 17:02:42', 0, 0, 51),
(267, b'1', '2017-09-01 14:50:09', -1, 1, 52),
(268, b'1', '2017-08-25 14:33:29', -1, 0, 53),
(269, b'1', '2017-08-23 21:47:44', -1, 0, 54),
(270, b'1', '2017-08-30 17:17:20', -1, 1, 55),
(271, b'1', '2017-08-25 14:32:33', -1, 0, 56),
(272, b'1', '2017-09-09 00:17:55', -1, 1, 57),
(273, b'1', '2017-09-01 14:49:15', -1, 1, 58),
(274, b'1', '2017-08-21 17:04:22', -1, 0, 59),
(275, b'1', '2017-09-17 16:00:57', 2, 3, 60),
(276, b'1', NULL, 0, 0, 61),
(277, b'1', NULL, 0, 0, 62),
(278, b'1', '2017-08-21 16:07:11', -1, 0, 63),
(279, b'1', '2017-09-10 11:13:00', -1, 1, 64),
(280, b'1', '2017-09-01 14:48:14', 0, 5, 65),
(281, b'1', '2017-09-01 14:49:06', -1, 1, 66),
(282, b'1', NULL, 0, 0, 67),
(283, b'1', '2017-09-17 20:30:59', 3, 4, 68),
(284, b'1', '2017-09-10 11:09:38', 0, 2, 69),
(285, b'1', '2017-09-01 14:49:52', -1, 1, 70),
(286, b'1', '2017-09-09 00:18:16', -1, 1, 71),
(287, b'1', '2017-09-17 16:01:55', 0, 2, 72),
(288, b'1', '2017-09-09 00:15:26', -1, 1, 73),
(289, b'1', '2017-08-30 17:18:11', -1, 1, 74),
(290, b'1', '2017-09-17 16:02:13', 0, 4, 75),
(291, b'1', '2017-09-17 16:02:35', -1, 1, 76),
(292, b'1', '2017-09-09 00:16:35', -1, 1, 77),
(293, b'1', '2017-08-23 21:47:14', 0, 0, 78),
(294, b'1', '2017-08-30 17:18:20', -1, 1, 79),
(295, b'1', '2017-08-23 21:47:05', -1, 0, 80),
(296, b'1', NULL, 0, 0, 81),
(297, b'1', '2017-08-23 22:33:35', 0, 0, 82),
(298, b'1', '2017-09-10 11:10:38', 0, 2, 83),
(299, b'1', '2017-08-23 14:00:52', 0, 0, 84),
(300, b'1', '2017-09-10 11:10:33', 0, 2, 85),
(301, b'1', '2017-09-01 14:49:09', -1, 1, 86),
(302, b'1', '2017-09-17 16:01:48', 3, 6, 87),
(303, b'1', '2017-08-21 17:02:58', 0, 0, 88),
(304, b'1', '2017-08-23 14:00:57', -1, 0, 89),
(305, b'1', '2017-09-01 14:48:19', -1, 1, 90),
(306, b'1', '2017-08-28 13:05:26', 0, 1, 91),
(307, b'1', '2017-08-29 10:29:12', -1, 1, 92),
(308, b'1', '2017-08-25 14:32:23', -1, 0, 93),
(309, b'1', '2017-09-10 11:09:42', 0, 2, 94),
(310, b'1', '2017-09-17 16:00:46', 1, 3, 95),
(311, b'1', '2017-08-23 21:48:25', -1, 0, 96),
(312, b'1', '2017-08-25 14:32:52', -1, 0, 97),
(313, b'1', NULL, 0, 0, 98),
(314, b'1', '2017-08-23 22:33:10', 0, 0, 99),
(315, b'1', '2017-09-09 00:18:44', -1, 1, 100),
(316, b'1', '2017-08-21 16:06:03', -1, 0, 101),
(317, b'1', NULL, 0, 0, 102),
(318, b'1', '2017-08-23 14:00:50', 0, 0, 103),
(319, b'1', '2017-09-09 00:16:24', -1, 1, 104),
(320, b'1', '2017-08-23 21:46:37', 0, 0, 105),
(321, b'1', '2017-08-23 14:01:16', -1, 0, 106),
(322, b'1', '2017-09-10 11:12:40', -1, 1, 107),
(323, b'1', '2017-09-09 00:16:13', -1, 1, 108),
(324, b'1', '2017-09-01 14:46:51', 0, 2, 109),
(325, b'1', '2017-08-23 21:47:33', 0, 0, 110),
(326, b'1', '2017-09-01 14:50:01', -1, 1, 111),
(327, b'1', '2017-09-17 16:03:31', -1, 1, 112),
(328, b'1', '2017-09-09 00:17:08', -1, 1, 113),
(329, b'1', '2017-08-28 13:05:22', 0, 1, 114),
(330, b'1', '2017-08-21 17:03:26', 0, 0, 115),
(331, b'1', '2017-08-21 17:04:24', -1, 0, 116),
(332, b'1', '2017-08-25 14:32:35', -1, 0, 117),
(333, b'1', '2017-09-17 16:02:01', 1, 3, 118),
(334, b'1', '2017-08-21 16:08:10', -1, 0, 119),
(335, b'1', NULL, 0, 0, 120),
(336, b'1', '2017-09-10 11:13:13', -1, 1, 121),
(337, b'1', '2017-09-01 14:48:04', 0, 3, 122),
(338, b'1', '2017-08-21 16:04:53', -1, 0, 123),
(339, b'1', NULL, 0, 0, 124),
(340, b'1', '2017-09-09 00:16:16', -1, 1, 125),
(341, b'1', '2017-09-09 00:16:44', -1, 1, 126),
(342, b'1', '2017-08-21 16:04:56', -1, 0, 127),
(343, b'1', NULL, 0, 0, 128),
(344, b'1', '2017-08-29 10:28:51', 0, 1, 129),
(345, b'1', '2017-09-17 16:00:50', 1, 3, 130),
(346, b'1', '2017-08-29 10:29:09', -1, 1, 131),
(347, b'1', '2017-09-17 16:02:09', 2, 4, 132),
(348, b'1', '2017-08-30 17:18:24', -1, 1, 133),
(349, b'1', '2017-09-17 16:03:51', -1, 1, 134),
(350, b'1', '2017-08-21 17:03:29', 0, 0, 135),
(351, b'1', '2017-09-09 00:18:04', -1, 1, 136),
(352, b'1', '2017-08-21 16:04:42', -1, 0, 137),
(353, b'1', '2017-08-30 17:17:47', -1, 1, 138),
(354, b'1', '2017-09-01 14:50:07', -1, 1, 139),
(355, b'1', '2017-09-10 11:11:14', 0, 2, 140),
(356, b'1', NULL, 0, 0, 141),
(357, b'1', '2017-09-10 11:09:32', 0, 2, 142),
(358, b'1', '2017-09-09 00:14:57', 0, 2, 143),
(359, b'1', '2017-08-21 16:04:21', -1, 0, 144),
(360, b'1', '2017-08-21 16:08:21', -1, 0, 145),
(361, b'1', '2017-08-29 10:29:50', -1, 1, 146),
(362, b'1', '2017-09-09 00:15:40', -1, 1, 147),
(363, b'1', '2017-08-23 21:48:01', -1, 0, 148),
(364, b'1', '2017-09-09 00:17:47', -1, 1, 149),
(365, b'1', '2017-08-29 10:28:57', 0, 2, 150),
(366, b'1', '2017-09-10 11:12:51', -1, 1, 151),
(367, b'1', '2017-08-25 14:32:55', -1, 0, 152),
(368, b'1', '2017-09-09 00:14:42', 0, 2, 153),
(369, b'1', '2017-08-21 16:04:50', -1, 0, 154),
(370, b'1', '2017-09-01 14:48:54', -1, 1, 155),
(371, b'1', '2017-09-17 16:00:44', 3, 3, 156),
(372, b'1', '2017-09-17 16:03:29', 1, 1, 157),
(373, b'1', NULL, 0, 0, 158),
(374, b'1', '2017-08-25 14:32:28', -1, 0, 159),
(375, b'1', '2017-09-01 14:48:23', -1, 1, 160),
(376, b'1', '2017-08-21 16:06:00', -1, 0, 161),
(377, b'1', NULL, 0, 0, 162),
(378, b'1', '2017-09-17 16:03:37', 1, 1, 163),
(379, b'1', '2017-08-25 14:31:15', 0, 0, 164),
(380, b'1', '2017-09-17 16:03:00', -1, 1, 165),
(381, b'1', '2017-09-17 16:03:42', 1, 1, 166),
(382, b'1', NULL, 0, 0, 167),
(383, b'1', '2017-08-21 17:03:20', 0, 0, 168),
(384, b'1', NULL, 0, 0, 169),
(385, b'1', '2017-08-21 17:02:38', 0, 0, 170),
(386, b'1', '2017-08-28 13:05:09', 0, 1, 171),
(387, b'1', '2017-08-29 10:29:16', -1, 1, 172),
(388, b'1', '2017-08-25 14:31:17', 0, 0, 173),
(389, b'1', '2017-08-30 17:17:22', -1, 1, 174),
(390, b'1', '2017-08-18 11:32:43', 0, 0, 175),
(391, b'1', '2017-08-29 10:29:02', 0, 2, 176),
(392, b'1', '2017-09-09 00:17:17', -1, 1, 177),
(393, b'1', '2017-08-25 14:32:46', -1, 0, 178),
(394, b'1', '2017-08-21 16:07:33', -1, 0, 179),
(395, b'1', '2017-08-23 21:47:52', -1, 0, 180),
(396, b'1', NULL, 0, 0, 181),
(397, b'1', '2017-08-25 14:33:27', -1, 0, 182),
(398, b'1', '2017-09-09 00:16:10', -1, 1, 183),
(399, b'1', '2017-09-10 11:12:15', 0, 4, 184),
(400, b'1', '2017-08-21 16:08:23', -1, 0, 185),
(401, b'1', '2017-09-09 00:17:39', -1, 1, 186),
(402, b'1', '2017-08-23 21:46:59', -1, 0, 187),
(403, b'1', NULL, 0, 0, 188),
(404, b'1', '2017-09-10 11:10:15', 0, 2, 189),
(405, b'1', '2017-09-09 00:14:47', 0, 2, 190),
(406, b'1', '2017-08-21 17:04:39', -1, 0, 191),
(407, b'1', '2017-08-18 11:33:00', 0, 0, 192),
(408, b'1', '2017-08-21 16:07:36', -1, 0, 193),
(409, b'1', '2017-09-17 16:03:05', 1, 1, 194),
(410, b'1', '2017-08-25 14:31:42', 0, 0, 195),
(411, b'1', '2017-09-17 20:30:44', 3, 5, 196),
(412, b'1', '2017-09-17 16:02:17', 1, 5, 197),
(413, b'1', '2017-09-10 11:11:08', 0, 2, 198),
(414, b'1', '2017-09-17 16:03:47', -1, 1, 199),
(415, b'1', '2017-09-10 11:12:55', -1, 1, 200),
(416, b'1', '2017-08-25 14:31:13', 0, 0, 201),
(417, b'1', '2017-09-09 00:15:05', 0, 2, 202),
(418, b'1', '2017-08-21 16:12:28', -1, 0, 203),
(419, b'1', '2017-08-25 14:31:51', 0, 0, 204),
(420, b'1', '2017-09-01 14:49:01', -1, 1, 205),
(421, b'1', '2017-09-17 16:01:43', 1, 5, 206),
(422, b'1', '2017-09-10 11:12:34', -1, 1, 207),
(423, b'1', '2017-08-21 17:04:17', 0, 0, 208),
(424, b'1', NULL, 0, 0, 209),
(425, b'1', '2017-09-06 11:03:10', 0, 2, 210),
(426, b'1', '2017-08-25 14:31:35', 0, 0, 211),
(427, b'1', '2017-08-21 17:03:23', 0, 0, 212),
(428, b'1', '2017-08-23 14:00:44', 0, 0, 213),
(429, b'1', '2017-08-21 16:06:43', -1, 0, 214),
(430, b'1', '2017-08-30 17:08:51', 0, 2, 215),
(431, b'0', '2017-08-29 10:30:54', -1, 1, 216),
(432, b'0', '2017-08-30 15:30:07', -1, 1, 217),
(433, b'0', '2017-09-17 16:00:00', 0, 3, 218),
(434, b'0', '2017-09-10 11:04:35', -1, 1, 219),
(435, b'1', '2017-08-23 14:01:00', -1, 0, 216),
(436, b'1', '2017-09-10 11:12:30', -1, 1, 217),
(437, b'1', '2017-08-21 16:06:07', -1, 0, 218),
(438, b'1', '2017-08-21 16:06:09', -1, 0, 219),
(439, b'0', '2017-09-17 15:58:01', -1, 1, 220),
(440, b'1', '2017-09-17 16:01:51', 0, 2, 220),
(441, b'1', '2017-09-17 16:03:57', 1, 1, 221),
(442, b'0', '2017-08-30 15:12:19', 0, 2, 221),
(443, b'0', '2017-08-28 16:12:22', -1, 1, 222),
(444, b'1', NULL, 0, 0, 222),
(445, b'0', '2017-08-30 14:03:45', 1, 1, 223),
(446, b'0', NULL, 0, 0, 224),
(447, b'0', '2017-08-30 14:02:02', 1, 1, 225),
(448, b'0', '2017-08-30 13:58:30', -1, 1, 226),
(449, b'0', NULL, 0, 0, 227),
(450, b'0', '2017-08-30 14:01:28', 1, 1, 228),
(451, b'0', NULL, 0, 0, 229),
(452, b'0', '2017-08-30 14:04:28', 1, 1, 230),
(453, b'0', NULL, 0, 0, 231),
(454, b'0', '2017-08-30 14:03:39', 1, 1, 232),
(455, b'0', NULL, 0, 0, 233),
(456, b'0', '2017-08-30 14:01:47', 1, 1, 234),
(457, b'0', NULL, 0, 0, 235),
(458, b'0', NULL, 0, 0, 236),
(459, b'0', NULL, 0, 0, 237),
(460, b'0', NULL, 0, 0, 238),
(461, b'0', NULL, 0, 0, 239),
(462, b'0', NULL, 0, 0, 240),
(463, b'0', NULL, 0, 0, 241),
(464, b'0', NULL, 0, 0, 242),
(465, b'0', NULL, 0, 0, 243),
(466, b'0', NULL, 0, 0, 244),
(467, b'0', NULL, 0, 0, 245),
(468, b'0', '2017-08-30 13:58:26', 1, 1, 246),
(469, b'0', NULL, 0, 0, 247),
(470, b'0', NULL, 0, 0, 248),
(471, b'0', NULL, 0, 0, 249),
(472, b'0', NULL, 0, 0, 250),
(473, b'0', NULL, 0, 0, 251),
(474, b'0', NULL, 0, 0, 252),
(475, b'0', '2017-08-30 14:04:23', -1, 1, 253),
(476, b'0', '2017-08-30 13:46:30', 0, 1, 254),
(477, b'0', NULL, 0, 0, 255),
(478, b'0', NULL, 0, 0, 256),
(479, b'0', NULL, 0, 0, 257),
(480, b'0', NULL, 0, 0, 258),
(481, b'0', NULL, 0, 0, 259),
(482, b'0', '2017-08-30 13:58:16', 1, 1, 260),
(483, b'0', NULL, 0, 0, 261),
(484, b'0', NULL, 0, 0, 262),
(485, b'0', NULL, 0, 0, 263),
(486, b'0', NULL, 0, 0, 264),
(487, b'0', NULL, 0, 0, 265),
(488, b'0', '2017-08-30 14:01:57', -1, 1, 266),
(489, b'0', NULL, 0, 0, 267),
(490, b'0', NULL, 0, 0, 268),
(491, b'0', '2017-08-30 13:58:05', -1, 1, 269),
(492, b'0', NULL, 0, 0, 270),
(493, b'1', NULL, 0, 0, 223),
(494, b'1', NULL, 0, 0, 224),
(495, b'1', NULL, 0, 0, 225),
(496, b'1', NULL, 0, 0, 226),
(497, b'1', NULL, 0, 0, 227),
(498, b'1', NULL, 0, 0, 228),
(499, b'1', NULL, 0, 0, 229),
(500, b'1', NULL, 0, 0, 230),
(501, b'1', NULL, 0, 0, 231),
(502, b'1', NULL, 0, 0, 232),
(503, b'1', NULL, 0, 0, 233),
(504, b'1', NULL, 0, 0, 234),
(505, b'1', NULL, 0, 0, 235),
(506, b'1', NULL, 0, 0, 236),
(507, b'1', NULL, 0, 0, 237),
(508, b'1', NULL, 0, 0, 238),
(509, b'1', NULL, 0, 0, 239),
(510, b'1', NULL, 0, 0, 240),
(511, b'1', NULL, 0, 0, 241),
(512, b'1', NULL, 0, 0, 242),
(513, b'1', NULL, 0, 0, 243),
(514, b'1', NULL, 0, 0, 244),
(515, b'1', NULL, 0, 0, 245),
(516, b'1', NULL, 0, 0, 246),
(517, b'1', NULL, 0, 0, 247),
(518, b'1', NULL, 0, 0, 248),
(519, b'1', NULL, 0, 0, 249),
(520, b'1', NULL, 0, 0, 250),
(521, b'1', NULL, 0, 0, 251),
(522, b'1', NULL, 0, 0, 252),
(523, b'1', NULL, 0, 0, 253),
(524, b'1', NULL, 0, 0, 254),
(525, b'1', NULL, 0, 0, 255),
(526, b'1', NULL, 0, 0, 256),
(527, b'1', NULL, 0, 0, 257),
(528, b'1', NULL, 0, 0, 258),
(529, b'1', NULL, 0, 0, 259),
(530, b'1', NULL, 0, 0, 260),
(531, b'1', NULL, 0, 0, 261),
(532, b'1', NULL, 0, 0, 262),
(533, b'1', NULL, 0, 0, 263),
(534, b'1', NULL, 0, 0, 264),
(535, b'1', NULL, 0, 0, 265),
(536, b'1', NULL, 0, 0, 266),
(537, b'1', NULL, 0, 0, 267),
(538, b'1', NULL, 0, 0, 268),
(539, b'1', NULL, 0, 0, 269),
(540, b'1', NULL, 0, 0, 270),
(541, b'0', '2017-09-01 11:10:18', 0, 2, 271),
(542, b'0', '2017-09-17 15:55:30', 2, 4, 272),
(543, b'0', '2017-08-30 15:26:18', -1, 1, 273),
(544, b'0', '2017-09-17 15:56:20', 1, 9, 274),
(545, b'0', '2017-09-17 15:59:46', 1, 3, 275),
(546, b'1', '2017-09-01 14:50:24', -1, 1, 271),
(547, b'1', '2017-09-10 11:09:29', 0, 2, 272),
(548, b'1', '2017-09-10 11:10:24', 0, 2, 273),
(549, b'1', '2017-09-17 16:03:09', -1, 1, 274),
(550, b'1', NULL, 0, 0, 275),
(551, b'1', NULL, 0, 0, 276),
(552, b'0', '2017-09-09 00:13:24', -1, 1, 276),
(553, b'0', '2017-09-17 15:56:05', 0, 4, 277),
(554, b'1', '2017-09-09 00:16:27', -1, 1, 277),
(555, b'1', NULL, 0, 0, 278),
(556, b'0', '2017-09-09 00:13:19', -1, 1, 278),
(557, b'0', '2017-09-17 15:56:39', -1, 1, 279),
(558, b'0', '2017-09-17 15:56:42', -1, 1, 280),
(559, b'0', '2017-09-17 15:56:35', 1, 1, 281),
(560, b'0', '2017-09-17 15:56:30', -1, 1, 282),
(561, b'1', '2017-09-17 16:03:22', -1, 1, 279),
(562, b'1', NULL, 0, 0, 280),
(563, b'1', '2017-09-17 16:03:14', -1, 1, 281),
(564, b'1', NULL, 0, 0, 282);

-- --------------------------------------------------------

--
-- Table structure for table `user`
--

CREATE TABLE IF NOT EXISTS `user` (
`id` bigint(20) NOT NULL,
  `login` varchar(255) COLLATE utf8_bin DEFAULT NULL,
  `pass` varchar(255) COLLATE utf8_bin DEFAULT NULL
) ENGINE=InnoDB AUTO_INCREMENT=3 DEFAULT CHARSET=utf8 COLLATE=utf8_bin;

--
-- Dumping data for table `user`
--

INSERT INTO `user` (`id`, `login`, `pass`) VALUES
(1, 'igrek', 'dupa'),
(2, 'jarek', 'dupa');

-- --------------------------------------------------------

--
-- Table structure for table `user_word`
--

CREATE TABLE IF NOT EXISTS `user_word` (
`id` bigint(20) NOT NULL,
  `user_id` bigint(20) NOT NULL,
  `word_id` bigint(20) NOT NULL
) ENGINE=InnoDB AUTO_INCREMENT=283 DEFAULT CHARSET=utf8 COLLATE=utf8_bin;

--
-- Dumping data for table `user_word`
--

INSERT INTO `user_word` (`id`, `user_id`, `word_id`) VALUES
(1, 1, 1),
(2, 1, 2),
(3, 1, 3),
(4, 1, 4),
(5, 1, 5),
(6, 1, 6),
(7, 1, 7),
(8, 1, 8),
(9, 1, 9),
(10, 1, 10),
(11, 1, 11),
(12, 1, 12),
(13, 1, 13),
(14, 1, 14),
(15, 1, 15),
(16, 1, 16),
(17, 1, 17),
(18, 1, 18),
(19, 1, 19),
(20, 1, 20),
(21, 1, 21),
(22, 1, 22),
(23, 1, 23),
(24, 1, 24),
(25, 1, 25),
(26, 1, 26),
(27, 1, 27),
(28, 1, 28),
(29, 1, 29),
(30, 1, 30),
(31, 1, 31),
(32, 1, 32),
(33, 1, 33),
(34, 1, 34),
(35, 1, 35),
(36, 1, 36),
(37, 1, 37),
(38, 1, 38),
(39, 1, 39),
(40, 1, 40),
(41, 1, 41),
(42, 1, 42),
(43, 1, 43),
(44, 1, 44),
(45, 1, 45),
(46, 1, 46),
(47, 1, 47),
(48, 1, 48),
(49, 1, 49),
(50, 1, 50),
(51, 1, 51),
(52, 1, 52),
(53, 1, 53),
(54, 1, 54),
(55, 1, 55),
(56, 1, 56),
(57, 1, 57),
(58, 1, 58),
(59, 1, 59),
(60, 1, 60),
(61, 1, 61),
(62, 1, 62),
(63, 1, 63),
(64, 1, 64),
(65, 1, 65),
(66, 1, 66),
(67, 1, 67),
(68, 1, 68),
(69, 1, 69),
(70, 1, 70),
(71, 1, 71),
(72, 1, 72),
(73, 1, 73),
(74, 1, 74),
(75, 1, 75),
(76, 1, 76),
(77, 1, 77),
(78, 1, 78),
(79, 1, 79),
(80, 1, 80),
(81, 1, 81),
(82, 1, 82),
(83, 1, 83),
(84, 1, 84),
(85, 1, 85),
(86, 1, 86),
(87, 1, 87),
(88, 1, 88),
(89, 1, 89),
(90, 1, 90),
(91, 1, 91),
(92, 1, 92),
(93, 1, 93),
(94, 1, 94),
(95, 1, 95),
(96, 1, 96),
(97, 1, 97),
(98, 1, 98),
(99, 1, 99),
(100, 1, 100),
(101, 1, 101),
(102, 1, 102),
(103, 1, 103),
(104, 1, 104),
(105, 1, 105),
(106, 1, 106),
(107, 1, 107),
(108, 1, 108),
(109, 1, 109),
(110, 1, 110),
(111, 1, 111),
(112, 1, 112),
(113, 1, 113),
(114, 1, 114),
(115, 1, 115),
(116, 1, 116),
(117, 1, 117),
(118, 1, 118),
(119, 1, 119),
(120, 1, 120),
(121, 1, 121),
(122, 1, 122),
(123, 1, 123),
(124, 1, 124),
(125, 1, 125),
(126, 1, 126),
(127, 1, 127),
(128, 1, 128),
(129, 1, 129),
(130, 1, 130),
(131, 1, 131),
(132, 1, 132),
(133, 1, 133),
(134, 1, 134),
(135, 1, 135),
(136, 1, 136),
(137, 1, 137),
(138, 1, 138),
(139, 1, 139),
(140, 1, 140),
(141, 1, 141),
(142, 1, 142),
(143, 1, 143),
(144, 1, 144),
(145, 1, 145),
(146, 1, 146),
(147, 1, 147),
(148, 1, 148),
(149, 1, 149),
(150, 1, 150),
(151, 1, 151),
(152, 1, 152),
(153, 1, 153),
(154, 1, 154),
(155, 1, 155),
(156, 1, 156),
(157, 1, 157),
(158, 1, 158),
(159, 1, 159),
(160, 1, 160),
(161, 1, 161),
(162, 1, 162),
(163, 1, 163),
(164, 1, 164),
(165, 1, 165),
(166, 1, 166),
(167, 1, 167),
(168, 1, 168),
(169, 1, 169),
(170, 1, 170),
(171, 1, 171),
(172, 1, 172),
(173, 1, 173),
(174, 1, 174),
(175, 1, 175),
(176, 1, 176),
(177, 1, 177),
(178, 1, 178),
(179, 1, 179),
(180, 1, 180),
(181, 1, 181),
(182, 1, 182),
(183, 1, 183),
(184, 1, 184),
(185, 1, 185),
(186, 1, 186),
(187, 1, 187),
(188, 1, 188),
(189, 1, 189),
(190, 1, 190),
(191, 1, 191),
(192, 1, 192),
(193, 1, 193),
(194, 1, 194),
(195, 1, 195),
(196, 1, 196),
(197, 1, 197),
(198, 1, 198),
(199, 1, 199),
(200, 1, 200),
(201, 1, 201),
(202, 1, 202),
(203, 1, 203),
(204, 1, 204),
(205, 1, 205),
(206, 1, 206),
(207, 1, 207),
(208, 1, 208),
(209, 1, 209),
(210, 1, 210),
(211, 1, 211),
(212, 1, 212),
(213, 1, 213),
(214, 1, 214),
(215, 1, 215),
(216, 1, 216),
(217, 1, 217),
(218, 1, 218),
(219, 1, 219),
(220, 1, 220),
(221, 1, 221),
(222, 1, 222),
(271, 1, 271),
(272, 1, 272),
(273, 1, 273),
(274, 1, 274),
(275, 1, 275),
(276, 1, 276),
(277, 1, 277),
(278, 1, 278),
(279, 1, 279),
(280, 1, 280),
(281, 1, 281),
(282, 1, 282),
(223, 2, 223),
(224, 2, 224),
(225, 2, 225),
(226, 2, 226),
(227, 2, 227),
(228, 2, 228),
(229, 2, 229),
(230, 2, 230),
(231, 2, 231),
(232, 2, 232),
(233, 2, 233),
(234, 2, 234),
(235, 2, 235),
(236, 2, 236),
(237, 2, 237),
(238, 2, 238),
(239, 2, 239),
(240, 2, 240),
(241, 2, 241),
(242, 2, 242),
(243, 2, 243),
(244, 2, 244),
(245, 2, 245),
(246, 2, 246),
(247, 2, 247),
(248, 2, 248),
(249, 2, 249),
(250, 2, 250),
(251, 2, 251),
(252, 2, 252),
(253, 2, 253),
(254, 2, 254),
(255, 2, 255),
(256, 2, 256),
(257, 2, 257),
(258, 2, 258),
(259, 2, 259),
(260, 2, 260),
(261, 2, 261),
(262, 2, 262),
(263, 2, 263),
(264, 2, 264),
(265, 2, 265),
(266, 2, 266),
(267, 2, 267),
(268, 2, 268),
(269, 2, 269),
(270, 2, 270);

-- --------------------------------------------------------

--
-- Table structure for table `word`
--

CREATE TABLE IF NOT EXISTS `word` (
`id` bigint(20) NOT NULL,
  `dictionary_id` bigint(20) NOT NULL,
  `name` varchar(255) COLLATE utf8_bin NOT NULL,
  `definition` varchar(255) COLLATE utf8_bin NOT NULL
) ENGINE=InnoDB AUTO_INCREMENT=283 DEFAULT CHARSET=utf8 COLLATE=utf8_bin;

--
-- Dumping data for table `word`
--

INSERT INTO `word` (`id`, `dictionary_id`, `name`, `definition`) VALUES
(1, 1, 'associate', 'wspólnik, kojarzyć'),
(2, 1, 'assess', 'oceniać'),
(3, 1, 'legitimate', 'uzasadniony'),
(4, 1, 'admittedly', 'umyślnie'),
(5, 1, 'contemporary', 'współczesny'),
(6, 1, 'ubiquitous', 'wszechobecny'),
(7, 1, 'brevity', 'zwięzłość'),
(8, 1, 'comprise', 'zawierać, składać się'),
(9, 1, 'devour', 'pożerać'),
(10, 1, 'strive', 'starać się'),
(11, 1, 'utter', 'kompletny'),
(12, 1, 'defer', 'opóźniać, odraczać'),
(13, 1, 'undergo', 'zostać poddanym'),
(14, 1, 'tedious', 'nudny'),
(15, 1, 'in turn', 'z kolei'),
(16, 1, 'immanent', 'nieodłączny'),
(17, 1, 'merit', 'zasługa'),
(18, 1, 'severe', 'silny, surowy'),
(19, 1, 'thorough', 'gruntowny, dokładny'),
(20, 1, 'throughout', 'w całym'),
(21, 1, 'eminent', 'wybitny'),
(22, 1, 'decoupled', 'oddzielony'),
(23, 1, 'composite', 'łączny'),
(24, 1, 'detour', 'objazd'),
(25, 1, 'admit', 'przyznawać się, wpuszczać'),
(26, 1, 'accordingly', 'w związku z tym'),
(27, 1, 'depict', 'przedstawiać'),
(28, 1, 'conceive', 'pojąć'),
(29, 1, 'reminiscent', 'pamiętny'),
(30, 1, 'superficial', 'powierzchowny'),
(31, 1, 'robust', 'solidny'),
(32, 1, 'elaborate', 'opracować, rozwijać, dopracowany, zawiły'),
(33, 1, 'leap', 'skok'),
(34, 1, 'intricate', 'zawiły'),
(35, 1, 'contrive', 'obmyślać'),
(36, 1, 'notion', 'pojęcie'),
(37, 1, 'compliant', 'zgodny'),
(38, 1, 'intimidate', 'zastraszać'),
(39, 1, 'prominent', 'wybitny, sławny'),
(40, 1, 'protuberant', 'wypukły'),
(41, 1, 'in terms of', 'jeśli chodzi o, pod względem, z punktu widzenia'),
(42, 1, 'vulnerable', 'podatny'),
(43, 1, 'leverage', 'wpływ, wykorzystać'),
(44, 1, 'eligible', 'nadający się'),
(45, 1, 'deliberate', 'celowy, przemyślany, rozważać'),
(46, 1, 'substantial', 'znaczny'),
(47, 1, 'compartment', 'przegroda'),
(48, 1, 'concise', 'zwięzły'),
(49, 1, 'oath', 'przysięga, przekleństwo'),
(50, 1, 'derelict', 'porzucony'),
(51, 1, 'endow', 'obdarzyć'),
(52, 1, 'nudge', 'trącić'),
(53, 1, 'thaw', 'odwilż, rozmrażać'),
(54, 1, 'bifurcate', 'rozwidlać się'),
(55, 1, 'dispatch', 'wysyłać'),
(56, 1, 'summit', 'wierzchołek'),
(57, 1, 'retain', 'zachować'),
(58, 1, 'prone', 'skłonny'),
(59, 1, 'prune', 'redukować, przycinać'),
(60, 1, 'implicit', 'domniemany'),
(61, 1, 'explicit', 'wyraźny'),
(62, 1, 'distinct', 'oddzielny, wyrazisty'),
(63, 1, 'rupture', 'pęknięcie'),
(64, 1, 'reciprocal', 'odwrotność, wzajemny, obustronny'),
(65, 1, 'obsolete', 'przestarzały'),
(66, 1, 'constraint', 'ograniczenie, przymus'),
(67, 1, 'insolence', 'zuchwałość'),
(68, 1, 'comprehend', 'zrozumieć'),
(69, 1, 'comprehensible', 'zrozumiały'),
(70, 1, 'comprehensive', 'wszechstronny, pełny'),
(71, 1, 'auxiliary', 'pomocniczy'),
(72, 1, 'forsake', 'porzucic'),
(73, 1, 'ancestry', 'pochodzenie'),
(74, 1, 'recipient', 'odbiorca'),
(75, 1, 'sake', 'wzgląd'),
(76, 1, 'endeavour', 'usiłować, dążenie'),
(77, 1, 'retrieve', 'odzyskać'),
(78, 1, 'retract', 'wycofać'),
(79, 1, 'commit', 'powierzać, oddać'),
(80, 1, 'commitment', 'zobowiązanie'),
(81, 1, 'aggregate', 'sumaryczny'),
(82, 1, 'stash', 'schować na potem'),
(83, 1, 'amend', 'poprawić'),
(84, 1, 'vicious', 'zły, złośliwy'),
(85, 1, 'loom', 'wynurzać się (z mgły)'),
(86, 1, 'twine', 'wykręcać'),
(87, 1, 'bundle', 'wiązka'),
(88, 1, 'invoke', 'odwołać się, wezwać'),
(89, 1, 'scaffolding', 'rusztowanie'),
(90, 1, 'tenant', 'lokator'),
(91, 1, 'rampart', 'wał'),
(92, 1, 'decent', 'przyzwoity'),
(93, 1, 'precede', 'poprzedzać'),
(94, 1, 'obliterate', 'wymazać'),
(95, 1, 'latter', 'drugi'),
(96, 1, 'encounter', 'natknąć się, starcie'),
(97, 1, 'clutter', 'nieład'),
(98, 1, 'cluster', 'grupa'),
(99, 1, 'superfluous', 'zbędny'),
(100, 1, 'unobtrusive', 'dyskretny'),
(101, 1, 'descendant', 'potomek'),
(102, 1, 'unlikely', 'mało prawdopodobne'),
(103, 1, 'repel', 'odpychać'),
(104, 1, 'barley', 'jęczmień'),
(105, 1, 'wheat', 'pszenica'),
(106, 1, 'yeast', 'drożdże'),
(107, 1, 'maize', 'kukurydza'),
(108, 1, 'ripen', 'dojrzewać'),
(109, 1, 'outweigh', 'przeważać'),
(110, 1, 'perimeter', 'obwód'),
(111, 1, 'despicable', 'podły'),
(112, 1, 'synopsis', 'streszczenie'),
(113, 1, 'concurrent', 'współbieżny'),
(114, 1, 'coincident', 'zbieżny, zgodny, równoczesny'),
(115, 1, 'plausible', 'wiarygodny'),
(116, 1, 'parcel', 'paczka'),
(117, 1, 'dignity', 'godność'),
(118, 1, 'persistent', 'trwały'),
(119, 1, 'ellipsis', 'wielokropek'),
(120, 1, 'seal off', 'zamykać dostęp do'),
(121, 1, 'breach', 'wyłom, przełamać'),
(122, 1, 'spurious', 'nieprawdziwy'),
(123, 1, 'ambiguous', 'dwuznaczny'),
(124, 1, 'ostensibly', 'rzekomo'),
(125, 1, 'propriety', 'stosowność'),
(126, 1, 'proprietary', 'własny'),
(127, 1, 'scarce', 'ograniczony'),
(128, 1, 'quotas', 'przydział'),
(129, 1, 'bias', 'odchyłka, stronniczość, uprzedzenie'),
(130, 1, 'cater', 'zaopatrywać'),
(131, 1, 'cumbersome', 'niewygodny'),
(132, 1, 'payload', 'ładunek'),
(133, 1, 'sentry', 'wartownik'),
(134, 1, 'suffice', 'wystarczać'),
(135, 1, 'designate', 'wyznaczać'),
(136, 1, 'denote', 'oznaczyć'),
(137, 1, 'tier', 'poziom, warstwa'),
(138, 1, 'subsequent', 'późniejszy'),
(139, 1, 'frontier', 'granica'),
(140, 1, 'depiction', 'opis'),
(141, 1, 'invoice', 'faktura'),
(142, 1, 'inference', 'wnioskowanie'),
(143, 1, 'crucial', 'rozstrzygający'),
(144, 1, 'suppress', 'stłumić'),
(145, 1, 'affinity', 'podobieństwo'),
(146, 1, 'augmented', 'rozszerzony'),
(147, 1, 'inhabitant', 'mieszkaniec'),
(148, 1, 'mock', 'próbny'),
(149, 1, 'intercept', 'przechwytywać'),
(150, 1, 'decline', 'spadek, podupadać'),
(151, 1, 'cognitive', 'poznawczy'),
(152, 1, 'contiguous', 'przyległy'),
(153, 1, 'collate', 'zestawić'),
(154, 1, 'verbatim', 'dosłownie'),
(155, 1, 'coercion', 'wymuszenie, przymus'),
(156, 1, 'thoroughly', 'całkowicie'),
(157, 1, 'unattended', 'bez nadzoru'),
(158, 1, 'nonetheless', 'pomimo to'),
(159, 1, 'precedence', 'pierwszeństwo'),
(160, 1, 'pedigree', 'rodowód'),
(161, 1, 'solely', 'wyłącznie'),
(162, 1, 'merely', 'jedynie'),
(163, 1, 'conform', 'dostosowywać się'),
(164, 1, 'contradiction', 'sprzeczność'),
(165, 1, 'compel', 'zmuszać'),
(166, 1, 'inhibit', 'powstrzymywać'),
(167, 1, 'verity', 'prawda'),
(168, 1, 'recede', 'cofać się'),
(169, 1, 'scatter', 'rozrzucać, rozproszyć się'),
(170, 1, 'bulk', 'hurt'),
(171, 1, 'evade', 'unikać'),
(172, 1, 'assessment', 'oszacowanie'),
(173, 1, 'abruptly', 'nagle'),
(174, 1, 'perseverance', 'wytrwałość'),
(175, 1, 'hence', 'w związku z tym'),
(176, 1, 'resort', 'uciekać się, uciekanie się'),
(177, 1, 'as a last resort', 'w ostateczności'),
(178, 1, 'invariant', 'niezmienny'),
(179, 1, 'sophisticated', 'wyrafinowany'),
(180, 1, 'refer to', 'oznaczać, odnosić się do, korzystać z'),
(181, 1, 'due to', 'z powodu'),
(182, 1, 'tread', 'chód, bieżnik'),
(183, 1, 'reluctant', 'niechętny'),
(184, 1, 'consecutive', 'kolejny'),
(185, 1, 'stare', 'gapić się'),
(186, 1, 'viral', 'wirusowy'),
(187, 1, 'subvert', 'obalać'),
(188, 1, 'dormant', 'bezczynny, śpiący'),
(189, 1, 'fragrance', 'zapach'),
(190, 1, 'stake', 'kołek, stawka, obstawiać'),
(191, 1, 'streak', 'pasmo, smuga'),
(192, 1, 'sustain', 'podtrzymywać'),
(193, 1, 'spree', 'hulanka, szał'),
(194, 1, 'perpetual', 'wieczny'),
(195, 1, 'lurk', 'czaić się'),
(196, 1, 'peek', 'zerkać'),
(197, 1, 'peak', 'szczyt'),
(198, 1, 'compulsory', 'przymusowy'),
(199, 1, 'bizarre', 'dziwaczny'),
(200, 1, 'ultimate', 'ostateczny, największy'),
(201, 1, 'latch', 'zatrzask'),
(202, 1, 'grieve', 'smucić się'),
(203, 1, 'mutually', 'wzajemnie'),
(204, 1, 'cohesion', 'spójność'),
(205, 1, 'revoke', 'unieważniać'),
(206, 1, 'endurance', 'wytrzymałość'),
(207, 1, 'diminish', 'pomniejszać'),
(208, 1, 'disrupt', 'zakłócać, krzyżować'),
(209, 1, 'altogether', 'całkowicie, generalnie'),
(210, 1, 'yield', 'zysk, przynosić plon, ustępować'),
(211, 1, 'negligible', 'nieistotny'),
(212, 1, 'in turns', 'z kolei'),
(213, 1, 'albeit', 'aczkolwiek'),
(214, 1, 'thyme', 'tymianek'),
(215, 1, 'prior to', 'przed'),
(216, 1, 'extent', 'zakres, zasięg'),
(217, 1, 'surplus', 'nadmiar, nadmiarowy'),
(218, 1, 'breed', 'hodować'),
(219, 1, 'thus', 'a zatem'),
(220, 1, 'remarkable', 'nadzwyczajny'),
(221, 1, 'mediocre', 'przeciętny, mierny'),
(222, 1, 'meaningful', 'sensowny'),
(223, 1, 'my bias', 'moje podejście, nastawienie, punkt widzenia'),
(224, 1, 'twofold', 'dwojaki'),
(225, 1, 'grasp', 'chwycić, zrozumieć'),
(226, 1, 'grab', 'chwycić, złapać'),
(227, 1, 'canvas', 'płótno np do malowania, pojęcie wykorzystywane w programowaniu w kontekście rysowania grafik'),
(228, 1, 'stilted', 'nienaturalny'),
(229, 1, 'invaluable', 'nieceniony'),
(230, 1, 'prevents', 'zapobiega'),
(231, 1, 'explicitly', 'wyraźnie'),
(232, 1, 'strive', 'starać się'),
(233, 1, 'scarce', 'deficytowy'),
(234, 1, 'exhausting', 'wyczerpujący'),
(235, 1, 'internally', 'wewnętrznie'),
(236, 1, 'obscured', 'zasłonięte'),
(237, 1, 'reminiscing', 'przywoływanie wspomnień'),
(238, 1, 'coverage', 'reportaż, omówienie prasowe, pokrycie'),
(239, 1, 'comprehensive', 'wszechstronny, obszerny'),
(240, 1, 'efforts', 'starania'),
(241, 1, 'press release', 'komunikat prasowy'),
(242, 1, 'fees', 'opłaty'),
(243, 1, 'redeem', 'wykupić, odkupić'),
(244, 1, 'audit', 'sprawdzenie, rewizja'),
(245, 1, 'sublime', 'wzniosły, idealny, wysublimowany'),
(246, 1, 'contribute', 'przyczynić się, wnieść wkład'),
(247, 1, 'utilize', 'wykorzystać, eksploatować'),
(248, 1, 'prompt', 'skłonić, namówić'),
(249, 1, 'assumption', 'założenie, hipoteza'),
(250, 1, 'attempt', 'próba, usiłowanie'),
(251, 1, 'appropriate', 'właściwy, stosowny'),
(252, 1, 'robust', 'silny, krzepki'),
(253, 1, 'home theater', 'kino domowe'),
(254, 1, 'puberty', 'dojrzewanie płciowe'),
(255, 1, 'omitting', 'pomijać'),
(256, 1, 'consecutive', 'kolejny, nieprzerwany, seryjny, następujący po czymś'),
(257, 1, 'auxiliary', 'Pomocniczy, posiłkowy'),
(258, 1, 'scheduled', 'planowy'),
(259, 1, 'suppress', 'stłumić, znieść'),
(260, 1, 'declined', 'odrzucony'),
(261, 1, 'quote', 'cytować'),
(262, 1, 'tender', 'delikatny'),
(263, 1, 'wreck', 'wrak'),
(264, 1, 'tribute', 'hołd, uznanie'),
(265, 1, 'explicit', 'wyraźny, kategoryczny'),
(266, 1, 'white paper', 'dokument reklamujący jakiś produkt ( ma jeszcze inne znaczenia )'),
(267, 1, 'resource efficiency', 'efektywność wykorzystania zasobów'),
(268, 1, 'sequality', 'sekwencja'),
(269, 1, 'executive', 'wykonawczy'),
(270, 1, 'executive summary', 'streszczenie'),
(271, 1, 'redeem', 'wykupić, odkupić'),
(272, 1, 'stilted', 'nienaturalny, wymuszony'),
(273, 1, 'twofold', 'dwojaki, dwukrotny'),
(274, 1, 'sublime', 'wzniosły, idealny, wysublimowany'),
(275, 1, 'grasp', 'chwytać, zrozumieć'),
(276, 1, 'ward', 'oddział, dzielnica'),
(277, 1, 'conceal', 'ukrywać'),
(278, 1, 'respectively', 'odpowiednio'),
(279, 1, 'resilient', 'sprężysty'),
(280, 1, 'postpone', 'odraczać'),
(281, 1, 'reconcile', 'pogodzić'),
(282, 1, 'state of the art', 'współczesny stan wiedzy');

--
-- Indexes for dumped tables
--

--
-- Indexes for table `dictionary`
--
ALTER TABLE `dictionary`
 ADD PRIMARY KEY (`id`), ADD UNIQUE KEY `unique_source_target_language_id` (`source_language_id`,`target_language_id`), ADD KEY `FKdfyihlofn3rpj7g0kpue2nbv9` (`source_language_id`), ADD KEY `FKpuelx1rs0c5w9oiirfkp73plw` (`target_language_id`);

--
-- Indexes for table `language`
--
ALTER TABLE `language`
 ADD PRIMARY KEY (`id`), ADD UNIQUE KEY `unique_code` (`code`);

--
-- Indexes for table `rank`
--
ALTER TABLE `rank`
 ADD PRIMARY KEY (`id`), ADD UNIQUE KEY `unique_user_word_id_reversed_dictionary` (`user_word_id`,`reversed_dictionary`);

--
-- Indexes for table `user`
--
ALTER TABLE `user`
 ADD PRIMARY KEY (`id`);

--
-- Indexes for table `user_word`
--
ALTER TABLE `user_word`
 ADD PRIMARY KEY (`id`), ADD UNIQUE KEY `unique_user_id_word_id` (`user_id`,`word_id`), ADD KEY `FK70vcixbxt7t2lhgcng6ukg74x` (`user_id`), ADD KEY `FKjqlk39web147dg7bn1efkbddk` (`word_id`);

--
-- Indexes for table `word`
--
ALTER TABLE `word`
 ADD PRIMARY KEY (`id`), ADD KEY `FKpevq98n5q80gkuhdf3yik5sba` (`dictionary_id`);

--
-- AUTO_INCREMENT for dumped tables
--

--
-- AUTO_INCREMENT for table `dictionary`
--
ALTER TABLE `dictionary`
MODIFY `id` bigint(20) NOT NULL AUTO_INCREMENT,AUTO_INCREMENT=2;
--
-- AUTO_INCREMENT for table `language`
--
ALTER TABLE `language`
MODIFY `id` bigint(20) NOT NULL AUTO_INCREMENT,AUTO_INCREMENT=3;
--
-- AUTO_INCREMENT for table `rank`
--
ALTER TABLE `rank`
MODIFY `id` bigint(20) NOT NULL AUTO_INCREMENT,AUTO_INCREMENT=565;
--
-- AUTO_INCREMENT for table `user`
--
ALTER TABLE `user`
MODIFY `id` bigint(20) NOT NULL AUTO_INCREMENT,AUTO_INCREMENT=3;
--
-- AUTO_INCREMENT for table `user_word`
--
ALTER TABLE `user_word`
MODIFY `id` bigint(20) NOT NULL AUTO_INCREMENT,AUTO_INCREMENT=283;
--
-- AUTO_INCREMENT for table `word`
--
ALTER TABLE `word`
MODIFY `id` bigint(20) NOT NULL AUTO_INCREMENT,AUTO_INCREMENT=283;
--
-- Constraints for dumped tables
--

--
-- Constraints for table `dictionary`
--
ALTER TABLE `dictionary`
ADD CONSTRAINT `FKdfyihlofn3rpj7g0kpue2nbv9` FOREIGN KEY (`source_language_id`) REFERENCES `language` (`id`),
ADD CONSTRAINT `FKpuelx1rs0c5w9oiirfkp73plw` FOREIGN KEY (`target_language_id`) REFERENCES `language` (`id`);

--
-- Constraints for table `rank`
--
ALTER TABLE `rank`
ADD CONSTRAINT `FKlx47nee3aig7fd95yh6ft45fs` FOREIGN KEY (`user_word_id`) REFERENCES `user_word` (`id`);

--
-- Constraints for table `user_word`
--
ALTER TABLE `user_word`
ADD CONSTRAINT `FK70vcixbxt7t2lhgcng6ukg74x` FOREIGN KEY (`user_id`) REFERENCES `user` (`id`),
ADD CONSTRAINT `FKjqlk39web147dg7bn1efkbddk` FOREIGN KEY (`word_id`) REFERENCES `word` (`id`);

--
-- Constraints for table `word`
--
ALTER TABLE `word`
ADD CONSTRAINT `FKpevq98n5q80gkuhdf3yik5sba` FOREIGN KEY (`dictionary_id`) REFERENCES `dictionary` (`id`);

/*!40101 SET CHARACTER_SET_CLIENT=@OLD_CHARACTER_SET_CLIENT */;
/*!40101 SET CHARACTER_SET_RESULTS=@OLD_CHARACTER_SET_RESULTS */;
/*!40101 SET COLLATION_CONNECTION=@OLD_COLLATION_CONNECTION */;
