-- phpMyAdmin SQL Dump
-- version 4.6.6deb4
-- https://www.phpmyadmin.net/
--
-- Host: localhost:3306
-- Generation Time: Jan 13, 2020 at 12:22 AM
-- Server version: 10.1.26-MariaDB-0+deb9u1
-- PHP Version: 7.0.27-0+deb9u1

SET SQL_MODE = "NO_AUTO_VALUE_ON_ZERO";
SET time_zone = "+00:00";


/*!40101 SET @OLD_CHARACTER_SET_CLIENT=@@CHARACTER_SET_CLIENT */;
/*!40101 SET @OLD_CHARACTER_SET_RESULTS=@@CHARACTER_SET_RESULTS */;
/*!40101 SET @OLD_COLLATION_CONNECTION=@@COLLATION_CONNECTION */;
/*!40101 SET NAMES utf8mb4 */;

--
-- Database: `webdict`
--

-- --------------------------------------------------------

--
-- Table structure for table `dictionary`
--

CREATE TABLE `dictionary` (
  `id` bigint(20) NOT NULL,
  `source_language_id` bigint(20) DEFAULT NULL,
  `target_language_id` bigint(20) DEFAULT NULL
) ENGINE=InnoDB DEFAULT CHARSET=utf8 COLLATE=utf8_bin;

--
-- Dumping data for table `dictionary`
--

INSERT INTO `dictionary` (`id`, `source_language_id`, `target_language_id`) VALUES
(1, 1, 2);

-- --------------------------------------------------------

--
-- Table structure for table `language`
--

CREATE TABLE `language` (
  `id` bigint(20) NOT NULL,
  `code` varchar(255) COLLATE utf8_bin DEFAULT NULL
) ENGINE=InnoDB DEFAULT CHARSET=utf8 COLLATE=utf8_bin;

--
-- Dumping data for table `language`
--

INSERT INTO `language` (`id`, `code`) VALUES
(1, 'en'),
(2, 'pl');

-- --------------------------------------------------------

--
-- Table structure for table `rank`
--

CREATE TABLE `rank` (
  `id` bigint(20) NOT NULL,
  `reversed_dictionary` bit(1) NOT NULL,
  `last_use` datetime DEFAULT NULL,
  `rank_value` double NOT NULL,
  `tries_count` int(11) NOT NULL,
  `user_word_id` bigint(20) DEFAULT NULL
) ENGINE=InnoDB DEFAULT CHARSET=utf8 COLLATE=utf8_bin;

--
-- Dumping data for table `rank`
--

INSERT INTO `rank` (`id`, `reversed_dictionary`, `last_use`, `rank_value`, `tries_count`, `user_word_id`) VALUES
(1, b'0', '2019-07-17 00:33:05', -1, 8, 1),
(2, b'0', '2019-06-30 01:02:02', -1, 7, 2),
(3, b'0', '2018-12-02 17:14:35', -1, 9, 3),
(4, b'0', '2018-12-02 17:14:17', -1, 9, 4),
(5, b'0', '2019-07-27 21:11:43', -1, 3, 5),
(6, b'0', '2019-07-27 21:12:47', -1, 3, 6),
(7, b'0', '2019-07-27 21:10:46', -1, 3, 7),
(8, b'0', '2019-07-27 21:07:53', -1, 8, 8),
(9, b'0', '2019-12-03 18:54:45', -1, 12, 9),
(10, b'0', '2018-12-02 17:12:46', -1, 10, 10),
(11, b'0', '2019-02-10 16:02:38', -1, 8, 11),
(12, b'0', '2019-07-17 23:16:16', -1, 4, 12),
(13, b'0', '2018-09-20 02:53:10', -1, 11, 13),
(14, b'0', '2019-12-03 18:55:06', -1, 7, 14),
(15, b'0', '2019-07-27 21:10:59', -1, 3, 15),
(16, b'0', '2018-09-02 15:15:12', -1, 12, 16),
(17, b'0', '2019-12-10 00:26:52', -1, 13, 17),
(18, b'0', '2019-06-27 08:45:54', -1, 11, 18),
(19, b'0', '2020-01-07 00:48:59', -1, 20, 19),
(20, b'0', '2019-05-04 15:43:26', -1, 10, 20),
(21, b'0', '2019-06-30 01:01:38', -1, 8, 21),
(22, b'0', '2019-07-27 21:09:22', -1, 6, 22),
(23, b'0', '2018-05-08 11:06:36', -2, 20, 23),
(24, b'0', '2019-07-17 00:36:26', -1, 4, 24),
(25, b'0', '2019-07-27 21:09:19', -1, 6, 25),
(26, b'0', '2019-12-04 17:16:35', -2, 50, 26),
(27, b'0', '2018-09-20 02:56:07', -4, 29, 27),
(28, b'0', '2019-12-04 17:10:55', -1, 9, 28),
(29, b'0', '2019-07-02 20:20:50', -1, 7, 29),
(30, b'0', '2019-07-17 00:35:59', -1, 5, 30),
(31, b'0', '2018-10-02 13:55:52', -1, 10, 31),
(32, b'0', '2018-12-02 17:11:16', -1, 10, 32),
(33, b'0', '2019-07-17 00:34:20', -1, 5, 33),
(34, b'0', '2019-02-10 16:02:29', -1, 8, 34),
(35, b'0', '2019-06-27 08:44:50', -1, 14, 35),
(36, b'0', '2019-07-27 21:12:50', -1, 3, 36),
(37, b'0', '2019-07-02 20:23:01', -1, 6, 37),
(38, b'0', '2018-09-02 15:14:59', -1, 12, 38),
(39, b'0', '2019-07-17 00:36:31', -1, 4, 39),
(40, b'0', '2019-06-30 01:01:34', -1, 10, 40),
(41, b'0', '2019-12-14 20:11:39', -2, 16, 41),
(42, b'0', '2019-07-17 23:16:02', -1, 5, 42),
(43, b'0', '2019-07-17 23:16:38', -1, 4, 43),
(44, b'0', '2018-10-02 13:55:41', -1, 10, 44),
(45, b'0', '2019-12-14 20:10:31', -2, 17, 45),
(46, b'0', '2019-07-27 21:12:10', -1, 3, 46),
(47, b'0', '2019-07-27 21:13:30', -1, 3, 47),
(48, b'0', '2018-12-02 17:14:13', -1, 9, 48),
(49, b'0', '2019-07-27 21:12:53', -1, 3, 49),
(50, b'0', '2019-07-17 00:35:46', -1, 5, 50),
(51, b'0', '2019-02-10 16:02:50', -1, 8, 51),
(52, b'0', '2019-07-27 21:13:21', -1, 3, 52),
(53, b'0', '2019-07-27 21:11:59', -1, 3, 53),
(54, b'0', '2019-07-27 21:11:08', -1, 3, 54),
(55, b'0', '2019-07-27 21:07:25', -1, 11, 55),
(56, b'0', '2019-07-27 21:09:14', -1, 6, 56),
(57, b'0', '2019-12-04 08:43:47', -1, 19, 57),
(58, b'0', '2019-07-02 20:21:11', -1, 7, 58),
(59, b'0', '2019-07-27 21:14:45', -1, 3, 59),
(60, b'0', '2019-07-27 21:12:29', -1, 3, 60),
(61, b'0', '2019-07-27 21:12:26', -1, 3, 61),
(62, b'0', '2019-07-02 20:20:26', -1, 7, 62),
(63, b'0', '2019-07-17 23:16:30', -1, 4, 63),
(64, b'0', '2018-10-01 12:19:40', -1, 11, 64),
(65, b'0', '2019-07-17 23:16:13', -1, 4, 65),
(66, b'0', '2019-07-27 21:09:54', -1, 4, 66),
(67, b'0', '2019-07-27 21:10:50', -1, 3, 67),
(68, b'0', '2019-07-17 00:34:42', -1, 5, 68),
(69, b'0', '2018-12-02 17:13:00', -1, 10, 69),
(70, b'0', '2019-12-14 20:10:20', -2, 17, 70),
(71, b'0', '2019-07-17 23:18:15', -1, 4, 71),
(72, b'0', '2019-07-27 21:13:08', -1, 3, 72),
(73, b'0', '2019-07-27 21:12:16', -1, 3, 73),
(74, b'0', '2019-07-27 21:10:57', -1, 3, 74),
(75, b'0', '2019-07-17 00:34:01', -1, 5, 75),
(76, b'0', '2020-01-10 20:42:00', -1, 23, 76),
(77, b'0', '2019-07-27 21:08:14', -1, 7, 77),
(78, b'0', '2019-07-27 21:13:23', -1, 3, 78),
(79, b'0', '2019-07-17 00:33:58', -1, 5, 79),
(80, b'0', '2019-07-17 23:19:28', -1, 4, 80),
(81, b'0', '2019-02-10 16:01:08', -1, 9, 81),
(82, b'0', '2019-02-10 16:01:19', -1, 8, 82),
(83, b'0', '2019-07-27 21:14:41', -1, 3, 83),
(84, b'0', '2019-07-17 23:19:21', -1, 4, 84),
(85, b'0', '2019-02-10 15:59:51', -1, 13, 85),
(86, b'0', '2018-09-02 15:15:07', -1, 12, 86),
(87, b'0', '2019-07-17 23:16:19', -1, 4, 87),
(88, b'0', '2019-07-02 20:21:35', -1, 7, 88),
(89, b'0', '2019-07-17 23:17:03', -1, 4, 89),
(90, b'0', '2019-07-27 21:09:07', -1, 6, 90),
(91, b'0', '2019-07-27 21:10:43', -1, 3, 91),
(92, b'0', '2019-02-10 16:01:58', -1, 8, 92),
(93, b'0', '2019-07-27 21:14:12', -1, 3, 93),
(94, b'0', '2018-05-08 11:06:12', -3, 23, 94),
(95, b'0', '2019-07-17 23:16:24', -1, 4, 95),
(96, b'0', '2019-07-17 23:17:00', -1, 4, 96),
(97, b'0', '2018-05-08 11:06:21', -2, 21, 97),
(98, b'0', '2019-07-02 20:22:26', -1, 6, 98),
(99, b'0', '2019-07-27 21:11:28', -1, 3, 99),
(100, b'0', '2019-07-17 00:33:29', -1, 7, 100),
(101, b'0', '2019-07-27 21:09:45', -1, 4, 101),
(102, b'0', '2019-07-17 23:19:37', -1, 4, 102),
(103, b'0', '2019-07-02 20:22:40', -1, 6, 103),
(104, b'0', '2019-07-27 21:14:51', -1, 3, 104),
(105, b'0', '2019-07-27 21:11:03', -1, 3, 105),
(106, b'0', '2019-12-04 17:11:00', -1, 8, 106),
(107, b'0', '2019-07-27 21:10:21', -1, 4, 107),
(108, b'0', '2019-07-27 21:12:36', -1, 3, 108),
(109, b'0', '2019-12-04 17:13:46', -1, 7, 109),
(110, b'0', '2019-07-27 21:14:31', -1, 3, 110),
(111, b'0', '2019-07-27 21:09:10', -1, 6, 111),
(112, b'0', '2019-12-24 12:18:00', -1, 18, 112),
(113, b'0', '2019-07-27 21:10:26', -1, 4, 113),
(114, b'0', '2019-02-10 16:00:28', -1, 9, 114),
(115, b'0', '2019-07-17 00:32:57', -1, 8, 115),
(116, b'0', '2019-07-27 21:09:32', -1, 4, 116),
(117, b'0', '2019-07-17 23:16:40', -1, 4, 117),
(118, b'0', '2019-07-27 21:09:42', -1, 4, 118),
(119, b'0', '2019-07-27 21:12:43', -1, 3, 119),
(120, b'0', '2019-07-27 21:10:41', -1, 3, 120),
(121, b'0', '2018-10-02 13:56:15', -1, 10, 121),
(122, b'0', '2019-07-27 21:10:53', -1, 3, 122),
(123, b'0', '2019-07-27 21:13:56', -1, 3, 123),
(124, b'0', '2018-10-02 13:55:45', -1, 10, 124),
(125, b'0', '2018-05-08 11:06:18', -2, 21, 125),
(126, b'0', '2020-01-10 20:41:55', -1, 28, 126),
(127, b'0', '2019-12-14 20:09:33', -2, 19, 127),
(128, b'0', '2019-02-10 16:02:47', -1, 8, 128),
(129, b'0', '2019-02-10 16:01:44', -1, 8, 129),
(130, b'0', '2018-10-07 16:40:18', -1, 10, 130),
(131, b'0', '2019-07-27 21:08:23', -1, 7, 131),
(132, b'0', '2019-07-17 00:33:44', -1, 6, 132),
(133, b'0', '2019-07-27 21:13:12', -1, 3, 133),
(134, b'0', '2019-07-27 21:10:32', -1, 4, 134),
(135, b'0', '2018-05-08 11:06:10', -2, 23, 135),
(136, b'0', '2018-09-20 02:55:58', -4, 42, 136),
(137, b'0', '2019-07-27 21:13:26', -1, 3, 137),
(138, b'0', '2018-12-02 17:14:23', -1, 9, 138),
(139, b'0', '2019-07-27 21:08:53', -1, 6, 139),
(140, b'0', '2019-02-10 16:01:28', -1, 8, 140),
(141, b'0', '2019-07-17 23:16:09', -1, 4, 141),
(142, b'0', '2019-07-17 23:19:02', -1, 4, 142),
(143, b'0', '2019-07-17 23:18:07', -1, 4, 143),
(144, b'0', '2019-07-27 21:14:39', -1, 3, 144),
(145, b'0', '2019-07-17 23:18:26', -1, 4, 145),
(146, b'0', '2019-07-27 21:12:32', -1, 3, 146),
(147, b'0', '2019-07-17 00:33:54', -1, 6, 147),
(148, b'0', '2019-07-17 00:32:42', -1, 9, 148),
(149, b'0', '2019-07-27 21:11:57', -1, 3, 149),
(150, b'0', '2018-12-20 23:49:13', -1, 12, 150),
(151, b'0', '2019-07-27 21:14:36', -1, 3, 151),
(152, b'0', '2019-07-27 21:08:18', -1, 7, 152),
(153, b'0', '2019-07-27 21:12:34', -1, 3, 153),
(154, b'0', '2018-09-02 15:15:22', -1, 12, 154),
(155, b'0', '2018-10-02 13:55:49', -1, 10, 155),
(156, b'0', '2019-06-30 01:01:41', -1, 8, 156),
(157, b'0', '2019-07-17 00:34:17', -1, 5, 157),
(158, b'0', '2019-06-27 08:45:40', -1, 11, 158),
(159, b'0', '2019-07-17 23:16:49', -1, 4, 159),
(160, b'0', '2019-07-17 23:15:45', -1, 8, 160),
(161, b'0', '2019-02-10 16:02:31', -1, 8, 161),
(162, b'0', '2019-07-27 21:12:13', -1, 3, 162),
(163, b'0', '2019-07-27 21:07:16', -1, 13, 163),
(164, b'0', '2019-06-30 01:01:59', -1, 8, 164),
(165, b'0', '2019-02-10 16:02:13', -1, 8, 165),
(166, b'0', '2019-12-14 20:10:50', -2, 16, 166),
(167, b'0', '2019-07-17 23:16:22', -1, 4, 167),
(168, b'0', '2019-12-21 21:18:39', -1, 17, 168),
(169, b'0', '2019-07-17 00:35:53', -1, 5, 169),
(170, b'0', '2019-07-17 23:17:09', -1, 4, 170),
(171, b'0', '2019-07-17 00:35:55', -1, 5, 171),
(172, b'0', '2019-07-27 21:12:18', -1, 3, 172),
(173, b'0', '2019-07-17 23:18:51', -1, 4, 173),
(174, b'0', '2019-07-17 00:36:13', -1, 4, 174),
(175, b'0', '2019-07-27 21:12:01', -1, 3, 175),
(176, b'0', '2019-07-17 23:18:48', -1, 4, 176),
(177, b'0', '2019-07-17 00:34:22', -1, 5, 177),
(178, b'0', '2019-07-17 23:18:54', -1, 4, 178),
(179, b'0', '2019-06-27 08:45:30', -1, 13, 179),
(180, b'0', '2019-07-17 00:36:39', -1, 4, 180),
(181, b'0', '2019-07-27 21:11:54', -1, 3, 181),
(182, b'0', '2019-07-02 20:22:07', -1, 6, 182),
(183, b'0', '2018-09-20 02:56:13', -4, 25, 183),
(184, b'0', '2019-07-02 20:22:14', -1, 6, 184),
(185, b'0', '2019-07-17 00:34:51', -1, 5, 185),
(186, b'0', '2019-07-27 21:09:02', -1, 6, 186),
(187, b'0', '2019-07-27 21:09:16', -1, 6, 187),
(188, b'0', '2019-07-17 23:15:48', -1, 6, 188),
(189, b'0', '2019-07-27 21:11:20', -1, 3, 189),
(190, b'0', '2019-07-27 21:08:59', -1, 6, 190),
(191, b'0', '2019-07-27 21:11:16', -1, 3, 191),
(192, b'0', '2019-07-02 20:22:01', -1, 6, 192),
(193, b'0', '2019-07-27 21:13:19', -1, 3, 193),
(194, b'0', '2019-07-17 00:36:33', -1, 4, 194),
(195, b'0', '2020-01-11 01:31:19', 1, 32, 195),
(196, b'0', '2019-07-27 21:14:53', -1, 3, 196),
(197, b'0', '2019-07-27 21:12:08', -1, 3, 197),
(198, b'0', '2019-02-19 23:49:57', -1, 9, 198),
(199, b'0', '2019-07-17 23:18:56', -1, 4, 199),
(200, b'0', '2019-02-10 16:00:24', -1, 9, 200),
(201, b'0', '2019-07-17 00:32:39', -1, 9, 201),
(202, b'0', '2018-08-25 01:28:19', -1, 16, 202),
(203, b'0', '2019-12-03 18:56:44', -1, 5, 203),
(204, b'0', '2018-05-08 11:06:34', -2, 21, 204),
(205, b'0', '2019-06-30 01:01:54', -1, 8, 205),
(206, b'0', '2019-02-10 16:00:03', -1, 11, 206),
(207, b'0', '2019-07-17 23:19:15', -1, 4, 207),
(208, b'0', '2018-09-20 02:53:05', -1, 14, 208),
(209, b'0', '2018-09-20 02:56:10', -4, 27, 209),
(210, b'0', '2019-07-27 21:13:34', -1, 3, 210),
(211, b'0', '2018-09-02 15:14:50', -1, 14, 211),
(213, b'0', '2019-07-27 21:08:41', -1, 6, 213),
(214, b'0', '2019-07-27 21:09:05', -1, 6, 214),
(215, b'0', '2019-07-27 21:07:56', -1, 7, 215),
(216, b'1', '2019-07-17 00:43:26', -1, 5, 1),
(217, b'1', '2018-10-07 01:29:35', -1, 9, 2),
(218, b'1', '2019-12-11 23:32:12', -2, 13, 3),
(219, b'1', '2018-10-07 01:28:55', -1, 10, 4),
(220, b'1', '2019-12-04 08:45:37', -1, 7, 5),
(221, b'1', '2019-12-10 00:31:23', -2, 14, 6),
(222, b'1', '2019-12-04 08:48:08', -2, 14, 7),
(223, b'1', '2018-12-21 00:02:53', -1, 8, 8),
(224, b'1', '2019-07-02 20:17:40', -1, 10, 9),
(225, b'1', '2019-12-03 09:30:30', -1, 9, 10),
(226, b'1', '2018-10-07 01:29:02', -1, 10, 11),
(227, b'1', '2019-07-21 12:03:53', -1, 8, 12),
(228, b'1', '2019-07-28 12:03:33', -1, 10, 13),
(229, b'1', '2018-09-20 02:55:44', -1, 10, 14),
(230, b'1', '2019-12-14 20:06:45', -4, 23, 15),
(231, b'1', '2019-12-03 18:52:54', -2, 18, 16),
(232, b'1', '2019-07-28 12:03:31', -1, 10, 17),
(233, b'1', '2019-12-04 08:45:29', -1, 8, 18),
(234, b'1', '2019-07-17 00:43:52', -1, 5, 19),
(235, b'1', '2019-07-02 20:17:29', -1, 10, 20),
(236, b'1', '2019-07-21 12:06:18', -1, 4, 21),
(237, b'1', '2019-07-28 12:04:05', -1, 7, 22),
(238, b'1', '2019-12-11 23:32:25', -2, 13, 23),
(239, b'1', '2019-07-17 23:20:48', -1, 6, 24),
(240, b'1', '2019-07-21 11:57:10', -1, 5, 25),
(241, b'1', '2019-12-10 00:30:52', -2, 17, 26),
(242, b'1', '2019-07-02 20:17:16', -1, 10, 27),
(243, b'1', '2019-07-28 12:08:32', -1, 9, 28),
(244, b'1', '2019-07-28 12:06:38', -1, 3, 29),
(245, b'1', '2019-07-17 00:46:07', -1, 5, 30),
(246, b'1', '2019-07-21 12:05:13', -1, 9, 31),
(247, b'1', '2020-01-11 01:36:33', -2, 16, 32),
(248, b'1', '2019-07-21 12:03:35', -1, 4, 33),
(249, b'1', '2019-07-21 11:55:27', -1, 7, 34),
(250, b'1', '2019-07-28 12:06:16', -1, 3, 35),
(251, b'1', '2019-07-21 11:55:01', -1, 8, 36),
(252, b'1', '2019-07-17 00:41:31', -1, 6, 37),
(253, b'1', '2020-01-11 01:36:58', 0, 13, 38),
(254, b'1', '2019-07-21 11:56:43', -1, 6, 39),
(255, b'1', '2019-07-21 12:05:30', -1, 4, 40),
(256, b'1', '2019-07-17 00:45:08', -1, 5, 41),
(257, b'1', '2019-07-17 00:42:26', -1, 6, 42),
(258, b'1', '2019-12-03 09:32:04', -1, 5, 43),
(259, b'1', '2019-07-17 00:38:59', -1, 6, 44),
(260, b'1', '2019-07-28 12:04:57', -1, 3, 45),
(261, b'1', '2019-07-21 11:54:50', -1, 8, 46),
(262, b'1', '2019-07-21 11:55:32', -1, 7, 47),
(263, b'1', '2018-10-07 01:29:32', -1, 9, 48),
(264, b'1', '2019-07-17 00:39:55', -1, 6, 49),
(265, b'1', '2019-07-17 00:45:54', -1, 6, 50),
(266, b'1', '2019-07-02 20:17:11', -1, 10, 51),
(267, b'1', '2019-07-17 00:45:33', -1, 4, 52),
(268, b'1', '2019-07-28 12:07:09', -1, 3, 53),
(269, b'1', '2019-07-28 12:08:21', -1, 3, 54),
(270, b'1', '2019-07-21 12:03:32', -1, 4, 55),
(271, b'1', '2019-07-28 12:06:23', -1, 3, 56),
(272, b'1', '2020-01-11 01:34:59', 0, 19, 57),
(273, b'1', '2019-07-21 12:04:33', -1, 4, 58),
(274, b'1', '2019-07-28 12:05:06', -1, 3, 59),
(275, b'1', '2018-12-21 00:02:21', -1, 9, 60),
(276, b'1', '2018-09-20 02:55:41', -1, 10, 61),
(277, b'1', '2020-01-11 01:37:21', -2, 12, 62),
(278, b'1', '2019-07-28 12:05:36', -1, 3, 63),
(279, b'1', '2019-07-28 12:04:21', -1, 6, 64),
(280, b'1', '2019-12-04 08:48:02', -2, 14, 65),
(281, b'1', '2019-12-10 00:29:47', -2, 20, 66),
(282, b'1', '2019-06-27 08:50:34', -1, 9, 67),
(283, b'1', '2019-12-11 23:32:10', -2, 15, 68),
(284, b'1', '2018-10-07 01:29:19', -1, 10, 69),
(285, b'1', '2019-07-02 20:17:59', -1, 10, 70),
(286, b'1', '2019-07-21 11:58:57', -1, 4, 71),
(287, b'1', '2019-12-04 08:47:24', -2, 15, 72),
(288, b'1', '2019-07-13 17:55:42', -2, 7, 73),
(289, b'1', '2019-12-03 09:30:44', -1, 7, 74),
(290, b'1', '2018-12-21 00:02:44', -1, 8, 75),
(291, b'1', '2019-07-28 12:03:37', -1, 9, 76),
(292, b'1', '2019-07-17 00:44:19', -1, 6, 77),
(293, b'1', '2019-07-13 17:54:21', -1, 10, 78),
(294, b'1', '2019-07-21 12:04:24', -1, 4, 79),
(295, b'1', '2019-07-28 12:05:39', -1, 3, 80),
(296, b'1', '2019-07-17 00:43:35', -1, 5, 81),
(297, b'1', '2019-07-21 12:06:47', -1, 4, 82),
(298, b'1', '2018-09-20 02:55:23', -1, 10, 83),
(299, b'1', '2019-07-21 12:04:01', -1, 4, 84),
(300, b'1', '2019-07-21 11:54:45', -1, 8, 85),
(301, b'1', '2019-07-17 00:43:29', -1, 5, 86),
(302, b'1', '2019-12-14 20:07:22', -3, 21, 87),
(303, b'1', '2019-07-21 12:06:07', -1, 4, 88),
(304, b'1', '2019-07-28 12:06:10', -1, 3, 89),
(305, b'1', '2019-06-30 01:03:31', -2, 9, 90),
(306, b'1', '2020-01-11 01:38:17', -2, 12, 91),
(307, b'1', '2019-07-21 12:06:30', -1, 4, 92),
(308, b'1', '2019-12-03 09:32:00', -1, 5, 93),
(309, b'1', '2019-12-04 08:48:21', -2, 14, 94),
(310, b'1', '2018-12-21 00:02:28', -1, 8, 95),
(311, b'1', '2019-07-28 12:05:03', -1, 3, 96),
(312, b'1', '2019-12-03 09:33:02', -1, 5, 97),
(313, b'1', '2019-12-03 09:31:36', -1, 6, 98),
(314, b'1', '2018-09-20 02:55:20', -1, 10, 99),
(315, b'1', '2019-07-13 17:54:29', -1, 10, 100),
(316, b'1', '2020-01-11 01:38:31', 0, 12, 101),
(317, b'1', '2019-07-21 12:04:27', -1, 4, 102),
(318, b'1', '2019-07-21 11:56:45', -1, 6, 103),
(319, b'1', '2019-07-02 20:17:19', -1, 10, 104),
(320, b'1', '2019-06-30 01:03:00', -2, 9, 105),
(321, b'1', '2019-07-28 12:04:52', -1, 3, 106),
(322, b'1', '2019-07-28 12:04:37', -1, 6, 107),
(323, b'1', '2019-07-21 11:54:52', -1, 8, 108),
(324, b'1', '2019-12-14 20:06:34', -3, 24, 109),
(325, b'1', '2019-07-02 20:17:52', -1, 10, 110),
(326, b'1', '2019-07-28 12:04:45', -1, 5, 111),
(327, b'1', '2019-07-17 00:40:09', -1, 6, 112),
(328, b'1', '2018-12-21 00:02:40', -1, 8, 113),
(329, b'1', '2019-07-28 12:03:43', -1, 9, 114),
(330, b'1', '2019-07-17 00:43:05', -1, 6, 115),
(331, b'1', '2019-07-28 12:07:16', -1, 3, 116),
(332, b'1', '2019-07-28 12:05:45', -1, 3, 117),
(333, b'1', '2019-12-10 00:31:29', -2, 14, 118),
(334, b'1', '2019-07-17 00:42:51', -1, 5, 119),
(335, b'1', '2019-07-02 20:17:45', -1, 10, 120),
(336, b'1', '2019-07-21 11:58:06', -1, 4, 121),
(337, b'1', '2018-12-21 00:02:25', -1, 9, 122),
(338, b'1', '2019-12-03 09:31:56', -1, 5, 123),
(339, b'1', '2019-12-11 23:32:07', -2, 19, 124),
(340, b'1', '2019-07-21 11:53:56', -1, 8, 125),
(341, b'1', '2019-07-28 12:04:12', -1, 6, 126),
(342, b'1', '2019-07-28 12:06:58', -1, 3, 127),
(343, b'1', '2019-07-21 12:04:19', -1, 4, 128),
(344, b'1', '2019-07-17 00:43:59', -1, 5, 129),
(345, b'1', '2018-09-20 02:55:38', -1, 10, 130),
(346, b'1', '2018-10-07 01:29:21', -1, 10, 131),
(347, b'1', '2019-12-03 18:52:58', -2, 18, 132),
(348, b'1', '2018-12-21 00:02:48', -1, 8, 133),
(349, b'1', '2018-09-20 02:55:29', -1, 10, 134),
(350, b'1', '2020-01-11 01:38:28', 0, 12, 135),
(351, b'1', '2019-07-21 11:54:58', -1, 8, 136),
(352, b'1', '2019-07-28 12:06:56', -1, 3, 137),
(353, b'1', '2019-12-03 09:31:06', -1, 6, 138),
(354, b'1', '2019-07-21 12:06:44', -1, 4, 139),
(355, b'1', '2019-07-17 00:39:17', -1, 6, 140),
(356, b'1', '2019-07-21 12:05:59', -1, 4, 141),
(357, b'1', '2019-12-04 08:47:09', -2, 15, 142),
(358, b'1', '2020-01-11 01:36:47', -2, 13, 143),
(359, b'1', '2019-07-28 12:07:35', -1, 3, 144),
(360, b'1', '2019-07-28 12:05:34', -1, 3, 145),
(361, b'1', '2019-07-21 11:57:58', -1, 4, 146),
(362, b'1', '2019-12-11 23:32:17', -2, 13, 147),
(363, b'1', '2019-07-17 00:44:33', -1, 5, 148),
(364, b'1', '2019-07-28 12:03:25', -1, 10, 149),
(365, b'1', '2019-07-02 20:17:14', -1, 10, 150),
(366, b'1', '2019-12-03 09:31:29', -1, 6, 151),
(367, b'1', '2019-07-28 12:04:02', -1, 9, 152),
(368, b'1', '2019-07-17 00:38:42', -1, 6, 153),
(369, b'1', '2019-12-03 09:31:11', -1, 6, 154),
(370, b'1', '2019-07-28 12:03:28', -1, 10, 155),
(371, b'1', '2019-12-14 20:06:11', -3, 34, 156),
(372, b'1', '2018-10-07 01:28:38', -1, 10, 157),
(373, b'1', '2019-07-02 20:18:03', -1, 8, 158),
(374, b'1', '2019-07-28 12:07:47', -1, 3, 159),
(375, b'1', '2019-07-13 17:55:03', -1, 6, 160),
(376, b'1', '2019-12-03 09:32:59', -1, 5, 161),
(377, b'1', '2019-06-30 01:03:54', -2, 9, 162),
(378, b'1', '2019-12-10 00:29:52', -2, 18, 163),
(379, b'1', '2019-07-21 11:55:05', -1, 8, 164),
(380, b'1', '2019-07-21 12:07:03', -1, 4, 165),
(381, b'1', '2019-12-10 00:29:50', -2, 19, 166),
(382, b'1', '2019-07-21 12:03:57', -1, 8, 167),
(383, b'1', '2018-10-07 01:29:05', -1, 10, 168),
(384, b'1', '2019-06-27 08:52:02', -1, 8, 169),
(385, b'1', '2019-07-17 00:42:42', -1, 5, 170),
(386, b'1', '2020-01-11 01:38:14', 0, 12, 171),
(387, b'1', '2019-07-21 12:06:59', -1, 4, 172),
(388, b'1', '2019-06-30 01:03:18', -2, 9, 173),
(389, b'1', '2019-07-17 00:46:15', -1, 6, 174),
(390, b'1', '2019-07-17 00:38:30', -1, 10, 175),
(391, b'1', '2019-07-02 20:17:34', -1, 10, 176),
(392, b'1', '2019-07-17 00:44:25', -1, 6, 177),
(393, b'1', '2019-07-28 12:05:54', -1, 3, 178),
(394, b'1', '2019-07-17 00:44:42', -1, 5, 179),
(395, b'1', '2019-07-28 12:06:50', -1, 3, 180),
(396, b'1', '2019-12-10 00:30:17', -2, 17, 181),
(397, b'1', '2019-07-17 00:44:27', -1, 5, 182),
(398, b'1', '2019-07-21 11:57:16', -1, 4, 183),
(399, b'1', '2019-12-14 20:05:56', -2, 20, 184),
(400, b'1', '2019-12-03 09:30:34', -1, 8, 185),
(401, b'1', '2019-07-21 12:04:44', -1, 4, 186),
(402, b'1', '2019-07-28 12:04:07', -1, 7, 187),
(403, b'1', '2019-07-21 12:07:17', -1, 4, 188),
(404, b'1', '2018-10-07 01:28:46', -1, 10, 189),
(405, b'1', '2019-07-02 20:17:26', -1, 10, 190),
(406, b'1', '2019-07-28 12:06:53', -1, 3, 191),
(407, b'1', '2019-07-21 11:58:09', -1, 4, 192),
(408, b'1', '2019-07-28 12:06:13', -1, 3, 193),
(409, b'1', '2019-07-17 23:20:44', -1, 6, 194),
(410, b'1', '2019-07-28 12:08:23', -1, 10, 195),
(411, b'1', '2019-12-04 08:47:56', -2, 15, 196),
(412, b'1', '2019-12-10 00:29:55', -2, 18, 197),
(413, b'1', '2019-07-02 20:17:37', -1, 10, 198),
(414, b'1', '2019-07-21 12:03:27', -1, 8, 199),
(415, b'1', '2019-07-21 12:05:33', -1, 4, 200),
(416, b'1', '2019-07-21 12:04:30', -1, 4, 201),
(417, b'1', '2020-01-11 01:36:41', -2, 15, 202),
(418, b'1', '2019-12-04 08:48:00', -2, 14, 203),
(419, b'1', '2019-07-21 11:55:58', -1, 7, 204),
(420, b'1', '2019-07-21 12:07:57', -1, 5, 205),
(421, b'1', '2020-01-11 01:37:09', 0, 12, 206),
(422, b'1', '2019-07-17 00:40:17', -1, 6, 207),
(423, b'1', '2019-07-17 00:45:23', -1, 4, 208),
(424, b'1', '2019-12-10 00:31:07', -2, 17, 209),
(425, b'1', '2018-12-21 00:02:16', -1, 9, 210),
(426, b'1', '2020-01-11 01:34:40', 0, 23, 211),
(428, b'1', '2019-07-17 00:38:56', -1, 6, 213),
(429, b'1', '2019-07-28 12:07:49', -1, 3, 214),
(430, b'1', '2019-06-27 08:51:52', -1, 8, 215),
(431, b'0', '2019-07-27 21:10:04', -1, 4, 216),
(432, b'0', '2019-07-17 23:18:33', -1, 4, 217),
(433, b'0', '2019-12-14 20:09:30', -2, 19, 218),
(434, b'0', '2019-07-02 20:22:59', -1, 6, 219),
(435, b'1', '2019-07-02 20:18:47', -1, 7, 216),
(436, b'1', '2019-07-21 12:03:59', -1, 8, 217),
(437, b'1', '2019-12-03 09:32:09', -1, 5, 218),
(438, b'1', '2019-07-28 12:05:48', -1, 3, 219),
(439, b'0', '2019-12-03 18:54:51', -1, 10, 220),
(440, b'1', '2019-12-11 23:32:28', -2, 13, 220),
(441, b'1', '2020-01-11 01:38:42', 0, 11, 221),
(442, b'0', '2019-07-17 00:33:52', -1, 6, 221),
(443, b'0', '2019-07-17 23:17:13', -1, 4, 222),
(444, b'1', '2018-09-20 02:55:31', -1, 10, 222),
(541, b'0', '2019-07-02 20:21:59', -1, 6, 271),
(542, b'0', '2020-01-10 20:43:24', -2, 23, 272),
(543, b'0', '2019-07-17 23:17:06', -1, 4, 273),
(544, b'0', '2019-12-14 20:10:12', -1, 17, 274),
(545, b'0', '2018-10-02 13:55:59', -1, 10, 275),
(546, b'1', '2019-12-03 09:31:50', -1, 6, 271),
(547, b'1', '2019-07-17 00:40:59', -1, 6, 272),
(548, b'1', '2019-07-13 17:55:24', -1, 6, 273),
(549, b'1', '2019-07-21 12:04:59', -1, 4, 274),
(550, b'1', '2019-12-03 09:30:51', -1, 7, 275),
(551, b'1', '2019-12-04 08:46:41', -2, 17, 276),
(552, b'0', '2019-12-03 18:55:34', -1, 6, 276),
(553, b'0', '2019-12-21 21:19:08', -1, 17, 277),
(554, b'1', '2019-07-21 11:55:17', -1, 8, 277),
(555, b'1', '2019-07-21 12:03:39', -1, 8, 278),
(556, b'0', '2019-07-17 00:36:28', -1, 4, 278),
(557, b'0', '2019-07-17 23:18:13', -1, 4, 279),
(558, b'0', '2019-07-17 23:16:32', -1, 4, 280),
(559, b'0', '2019-12-21 21:19:51', -2, 21, 281),
(560, b'0', '2019-07-02 20:22:52', -1, 6, 282),
(561, b'1', '2019-07-17 00:41:21', -1, 6, 279),
(562, b'1', '2019-07-17 00:45:13', -1, 4, 280),
(563, b'1', '2020-01-11 01:34:30', -2, 23, 281),
(564, b'1', '2019-07-21 12:06:51', -1, 4, 282),
(565, b'0', '2018-09-02 15:15:18', -1, 12, 283),
(566, b'0', '2019-02-10 16:02:01', -1, 8, 284),
(567, b'1', '2019-07-21 11:55:24', -1, 8, 283),
(568, b'1', '2019-07-21 11:58:37', -1, 4, 284),
(569, b'0', '2019-07-02 20:21:53', -1, 6, 285),
(570, b'0', '2018-12-02 17:13:03', -1, 10, 286),
(571, b'0', '2019-07-17 23:15:29', -1, 9, 287),
(572, b'0', '2019-07-17 23:15:40', -1, 8, 288),
(573, b'0', '2019-02-10 15:59:55', -1, 11, 289),
(574, b'0', '2019-07-02 20:22:04', -1, 6, 290),
(575, b'1', '2019-07-21 12:06:55', -1, 4, 285),
(576, b'1', '2019-07-17 00:45:15', -1, 4, 286),
(577, b'1', '2019-07-17 00:42:28', -1, 6, 287),
(578, b'1', '2019-07-21 11:57:14', -1, 4, 288),
(579, b'1', '2018-12-21 00:02:41', -1, 8, 289),
(580, b'1', '2019-06-27 08:51:05', -1, 8, 290),
(581, b'0', '2019-02-10 16:01:47', -1, 8, 291),
(582, b'1', '2019-07-28 12:04:35', -1, 6, 291),
(583, b'0', '2019-07-17 00:33:02', -1, 8, 292),
(584, b'0', '2019-07-17 23:16:53', -1, 4, 293),
(585, b'0', '2019-12-21 21:18:35', -1, 18, 294),
(586, b'0', '2019-05-04 15:43:30', -1, 10, 295),
(587, b'0', '2019-02-10 16:01:55', -1, 8, 296),
(588, b'0', '2018-09-02 15:14:47', -1, 14, 297),
(589, b'0', '2019-07-02 20:21:56', -1, 6, 298),
(590, b'1', '2019-12-04 08:45:32', -1, 8, 292),
(591, b'1', '2019-07-17 00:39:14', -1, 6, 293),
(592, b'1', '2019-07-13 17:54:59', -1, 6, 294),
(593, b'1', '2019-07-21 11:58:55', -1, 4, 295),
(594, b'1', '2019-07-21 12:08:05', -1, 4, 296),
(595, b'1', '2019-07-17 23:24:58', -1, 10, 297),
(596, b'1', '2019-07-21 11:57:52', -1, 4, 298),
(597, b'0', '2018-12-02 17:14:42', -1, 9, 299),
(598, b'1', '2019-07-17 23:25:07', -1, 8, 299),
(599, b'0', '2019-07-02 20:20:47', -1, 7, 300),
(600, b'0', '2019-07-17 23:18:18', -1, 4, 301),
(601, b'0', '2018-09-02 15:15:24', -1, 12, 302),
(602, b'1', '2019-12-03 09:31:22', -1, 6, 300),
(603, b'1', '2019-07-21 12:03:30', -1, 8, 301),
(604, b'1', '2019-12-04 08:45:25', -1, 9, 302),
(605, b'1', '2019-12-14 20:07:19', -4, 22, 303),
(606, b'0', '2019-12-10 00:27:21', -2, 25, 303),
(607, b'0', '2019-07-17 23:15:42', -1, 8, 304),
(608, b'1', '2019-07-21 12:03:45', -1, 8, 304),
(609, b'0', '2018-10-07 16:40:15', -1, 13, 305),
(610, b'0', '2018-09-20 02:53:08', -1, 11, 306),
(611, b'0', '2019-02-10 16:02:34', -1, 8, 307),
(612, b'0', '2019-05-04 15:43:14', -1, 12, 308),
(613, b'0', '2019-07-17 00:36:06', -1, 5, 309),
(614, b'0', '2019-07-17 00:33:34', -1, 7, 310),
(615, b'0', '2018-09-14 10:06:12', -1, 17, 311),
(616, b'0', '2019-07-27 21:14:07', -1, 3, 312),
(617, b'0', '2019-12-14 20:10:44', -2, 16, 313),
(618, b'0', '2019-07-17 23:15:31', -1, 9, 314),
(619, b'1', '2019-07-28 12:04:49', -1, 3, 305),
(620, b'1', '2019-07-28 12:03:53', -1, 9, 306),
(621, b'1', '2019-07-17 00:43:20', -1, 5, 307),
(622, b'1', '2019-07-17 00:38:28', -1, 10, 308),
(623, b'1', '2019-07-21 12:09:18', -1, 3, 309),
(624, b'1', '2020-01-11 01:37:03', -2, 12, 310),
(625, b'1', '2019-12-14 20:06:53', -2, 23, 311),
(626, b'1', '2019-07-28 12:04:33', -1, 6, 312),
(627, b'1', '2019-07-17 00:42:57', -1, 5, 313),
(628, b'1', '2020-01-11 01:38:34', 0, 12, 314),
(629, b'0', '2018-10-07 16:40:06', -1, 13, 315),
(630, b'0', '2018-09-02 15:15:36', -1, 11, 316),
(631, b'0', '2019-02-10 16:01:25', -1, 8, 317),
(632, b'1', '2019-07-17 00:43:17', -1, 5, 315),
(633, b'1', '2019-12-14 20:06:17', -3, 33, 316),
(634, b'1', '2019-07-02 20:18:24', -1, 7, 317),
(635, b'0', '2019-06-30 01:02:09', -1, 7, 318),
(636, b'0', '2019-12-14 20:09:11', -2, 21, 319),
(637, b'0', '2019-07-27 21:07:42', -1, 9, 320),
(638, b'0', '2019-07-17 00:35:44', -1, 5, 321),
(639, b'0', '2019-07-02 20:20:31', -1, 7, 322),
(640, b'1', '2019-07-17 00:45:02', -1, 5, 318),
(641, b'1', '2019-12-04 08:48:18', -2, 14, 319),
(642, b'1', '2019-07-02 20:18:21', -1, 7, 320),
(643, b'1', '2019-07-17 00:46:04', -1, 5, 321),
(644, b'1', '2019-12-14 20:05:59', -2, 16, 322),
(645, b'0', '2020-01-07 00:48:52', -1, 21, 323),
(646, b'0', '2019-12-14 20:11:12', -2, 16, 324),
(647, b'1', '2018-10-07 01:29:44', -1, 9, 323),
(648, b'1', '2019-07-02 20:19:02', -1, 7, 324),
(649, b'0', '2018-10-01 12:19:56', -1, 11, 325),
(650, b'0', '2019-07-27 21:13:06', -1, 3, 326),
(651, b'1', '2019-12-14 20:07:25', -3, 21, 325),
(652, b'1', '2020-01-11 01:37:11', 0, 12, 326),
(653, b'0', '2019-07-27 21:11:13', -1, 3, 327),
(654, b'0', '2019-07-27 21:11:31', -1, 3, 328),
(655, b'0', '2018-10-07 16:40:13', -1, 13, 329),
(656, b'0', '2019-07-17 00:33:42', -1, 6, 330),
(657, b'1', '2019-07-28 12:07:52', -1, 3, 327),
(658, b'1', '2019-07-28 12:07:30', -1, 3, 328),
(659, b'1', '2019-12-04 08:48:12', -2, 14, 329),
(660, b'1', '2019-07-02 20:17:49', -1, 10, 330),
(661, b'0', '2018-12-23 22:10:55', -1, 12, 331),
(662, b'1', '2019-12-04 08:45:34', -1, 7, 331),
(663, b'0', '2019-07-27 21:07:59', -1, 7, 332),
(664, b'0', '2019-12-03 18:55:50', -1, 5, 333),
(665, b'0', '2019-07-17 00:34:46', -1, 5, 334),
(666, b'0', '2019-07-17 00:33:13', -1, 7, 335),
(667, b'1', '2020-01-11 01:38:37', 0, 12, 332),
(668, b'1', '2019-07-13 17:54:38', -1, 9, 333),
(669, b'1', '2019-12-14 20:07:15', -3, 22, 334),
(670, b'1', '2019-07-13 17:54:41', -1, 9, 335),
(671, b'1', '2019-07-17 00:45:46', -1, 5, 336),
(672, b'0', '2019-07-27 21:08:38', -1, 7, 336),
(673, b'0', '2019-12-21 21:19:11', -1, 17, 337),
(674, b'1', '2019-07-28 12:07:33', -1, 3, 337),
(675, b'0', '2019-12-10 00:26:50', -1, 13, 338),
(676, b'0', '2019-06-27 08:44:54', -1, 14, 339),
(677, b'1', '2020-01-11 01:34:26', -2, 24, 338),
(678, b'1', '2020-01-11 01:38:21', -2, 12, 339),
(679, b'0', '2019-12-14 20:10:01', -2, 19, 340),
(680, b'1', '2019-07-17 00:42:44', -1, 5, 340),
(681, b'0', '2018-10-07 16:40:11', -1, 13, 341),
(682, b'1', '2019-12-10 00:31:03', -2, 17, 341),
(683, b'0', '2019-07-27 21:14:09', -1, 3, 342),
(684, b'1', '2019-12-04 08:47:27', -2, 15, 342),
(685, b'0', '2019-07-02 20:22:19', -1, 6, 343),
(686, b'1', '2019-07-21 11:55:35', -1, 7, 343),
(687, b'0', '2019-07-17 00:33:11', -1, 7, 344),
(688, b'1', '2019-07-13 17:54:45', -1, 9, 344),
(689, b'0', '2019-07-27 21:11:49', -1, 3, 345),
(690, b'1', '2019-07-17 23:25:01', -1, 8, 345),
(691, b'0', '2020-01-07 00:49:08', -1, 8, 346),
(692, b'1', '2019-12-04 08:45:43', -1, 5, 346),
(693, b'0', '2019-07-17 00:32:48', -1, 9, 347),
(694, b'1', '2019-07-28 12:08:48', -1, 2, 347),
(695, b'0', '2018-09-02 15:15:29', -1, 11, 348),
(696, b'1', '2019-07-28 12:09:25', -1, 2, 348),
(697, b'0', '2019-12-03 18:54:48', -1, 12, 349),
(698, b'1', '2019-07-28 12:08:45', -1, 2, 349),
(699, b'0', '2019-07-17 23:16:55', -1, 4, 350),
(700, b'1', '2019-07-17 00:39:20', -1, 6, 350),
(701, b'0', '2019-06-27 08:45:36', -1, 11, 351),
(702, b'1', '2019-07-17 00:38:38', -1, 6, 351),
(703, b'0', '2019-12-03 18:54:26', -1, 14, 352),
(704, b'1', '2019-07-28 12:09:40', -1, 2, 352),
(705, b'0', '2019-12-03 18:57:21', -1, 2, 353),
(706, b'1', '2019-12-03 09:33:33', -1, 4, 353),
(707, b'0', '2019-12-04 17:14:53', -1, 2, 354),
(708, b'1', '2019-12-03 18:50:05', -1, 8, 354),
(709, b'0', '2019-07-17 00:32:35', -1, 11, 355),
(710, b'1', '2019-07-21 12:04:04', -1, 4, 355),
(711, b'0', '2019-12-04 17:16:40', -2, 28, 356),
(712, b'1', '2019-07-21 12:08:01', -1, 4, 356),
(713, b'0', '2019-12-04 17:15:11', -1, 2, 357),
(714, b'1', '2020-01-11 01:34:23', -2, 29, 357),
(715, b'0', '2019-07-17 23:19:31', -1, 4, 358),
(716, b'1', '2019-12-03 09:31:42', -1, 6, 358),
(717, b'0', '2019-12-03 18:57:02', -1, 2, 359),
(718, b'1', '2019-12-03 09:33:24', -1, 4, 359),
(719, b'0', '2019-07-02 20:20:21', -1, 12, 360),
(720, b'1', '2019-07-28 12:08:54', -1, 2, 360),
(721, b'0', '2019-07-27 21:15:10', -1, 2, 361),
(722, b'1', '2019-07-17 00:38:33', -1, 8, 361),
(723, b'0', '2019-07-02 20:21:39', -1, 7, 362),
(724, b'0', '2019-02-10 15:59:30', -1, 1, 363),
(725, b'0', '2019-02-10 15:59:35', -1, 1, 364),
(726, b'0', '2019-02-10 15:59:28', -1, 1, 365),
(727, b'0', '2019-02-10 15:59:12', -1, 1, 366),
(728, b'0', '2019-02-10 15:59:05', -1, 1, 367),
(729, b'0', '2019-07-17 00:32:37', -1, 11, 368),
(730, b'1', '2019-06-27 08:46:23', -1, 1, 362),
(731, b'1', '2019-07-17 00:42:53', -1, 5, 363),
(732, b'1', '2019-07-28 12:07:07', -1, 3, 364),
(733, b'1', '2019-06-24 13:00:47', -1, 1, 365),
(734, b'1', '2019-07-28 12:06:20', -1, 3, 366),
(735, b'1', '2019-12-03 09:30:49', -1, 7, 367),
(736, b'1', '2019-07-13 17:53:40', -1, 1, 368),
(737, b'0', '2019-02-10 15:59:02', -1, 1, 369),
(738, b'1', '2019-06-27 08:46:28', -1, 1, 369),
(739, b'0', '2019-07-17 00:32:28', -1, 13, 370),
(740, b'1', '2019-07-13 17:53:33', -1, 1, 370),
(741, b'0', '2019-07-02 20:20:29', -1, 10, 371),
(742, b'1', '2019-07-13 17:53:37', -1, 1, 371),
(743, b'0', '2019-02-10 15:59:09', -1, 1, 372),
(744, b'1', '2019-12-04 08:45:51', -2, 19, 372),
(745, b'0', '2019-02-10 15:59:15', -1, 1, 373),
(746, b'1', '2019-07-28 12:08:35', -1, 3, 373),
(747, b'0', '2019-12-03 18:57:06', -1, 2, 374),
(748, b'1', '2019-07-21 12:03:55', -1, 8, 374),
(749, b'0', '2019-12-03 18:57:32', -1, 2, 375),
(750, b'1', '2019-12-03 09:31:01', -1, 7, 375),
(751, b'0', '2019-12-04 08:43:57', -1, 14, 376),
(752, b'0', '2019-02-19 23:49:08', -1, 1, 377),
(753, b'0', '2019-07-21 11:51:31', -1, 11, 378),
(754, b'1', '2019-12-04 17:07:19', -1, 7, 376),
(755, b'1', '2019-06-16 15:46:44', -1, 1, 377),
(756, b'1', '2019-07-02 20:16:56', -1, 1, 378),
(757, b'0', '2019-12-03 18:57:44', -1, 2, 379),
(758, b'1', '2019-12-03 09:30:56', -1, 7, 379),
(759, b'0', '2019-12-04 17:11:51', -1, 4, 380),
(760, b'1', '2019-12-10 00:31:09', -2, 16, 380),
(761, b'0', '2019-07-17 00:32:54', -1, 8, 381),
(762, b'1', '2019-12-04 08:45:40', -1, 6, 381),
(763, b'0', '2019-12-03 18:56:48', -1, 4, 382),
(764, b'1', '2019-12-10 00:32:47', -2, 14, 382),
(765, b'0', '2019-12-03 18:57:36', -1, 2, 383),
(766, b'0', '2019-05-04 15:41:26', -1, 1, 384),
(767, b'1', '2019-06-27 08:47:28', -1, 1, 383),
(768, b'1', '2019-06-27 08:47:35', -1, 1, 384),
(769, b'0', '2019-05-04 15:42:09', -1, 1, 385),
(770, b'1', '2019-12-03 09:33:17', -1, 4, 385),
(771, b'0', '2019-05-04 15:41:21', -1, 1, 386),
(772, b'1', '2019-07-28 12:08:51', -1, 2, 386),
(773, b'0', '2019-07-27 21:14:17', -1, 3, 387),
(774, b'1', '2019-07-28 12:03:50', -1, 9, 387),
(775, b'0', '2019-06-16 15:38:55', -1, 1, 388),
(776, b'0', '2019-06-16 15:38:58', -1, 1, 389),
(777, b'1', '2019-06-27 08:48:17', -1, 1, 388),
(778, b'1', '2019-06-27 08:48:24', -1, 1, 389),
(779, b'0', '2019-12-10 00:26:58', -1, 6, 390),
(780, b'1', '2019-06-27 08:48:28', -1, 1, 390),
(781, b'0', '2019-06-24 13:00:26', -1, 1, 391),
(782, b'1', '2019-06-27 08:48:30', -1, 1, 391),
(783, b'0', '2019-06-27 08:44:44', -1, 1, 392),
(784, b'1', '2019-12-04 08:47:30', -2, 15, 392),
(785, b'0', '2019-06-30 01:01:06', -1, 1, 393),
(786, b'1', '2019-07-02 20:16:49', -1, 1, 393),
(787, b'0', '2019-06-30 01:00:58', -1, 1, 394),
(788, b'1', '2019-07-02 20:16:39', -1, 1, 394),
(789, b'0', '2019-06-30 01:00:55', -1, 1, 395),
(790, b'1', '2019-07-02 20:16:53', -1, 1, 395),
(791, b'0', '2019-07-17 00:32:19', -1, 1, 396),
(792, b'1', '2020-01-11 01:38:04', 0, 12, 396),
(793, b'0', '2019-07-27 21:09:24', -1, 4, 397),
(794, b'1', '2019-07-28 12:04:41', -1, 5, 397),
(795, b'0', '2019-07-27 21:13:37', -1, 3, 398),
(796, b'1', '2019-07-17 00:42:16', -1, 1, 398),
(797, b'0', '2019-07-17 00:32:07', -1, 1, 399),
(798, b'1', '2019-07-17 00:42:12', -1, 1, 399),
(799, b'1', '2019-07-21 12:03:18', -1, 1, 400),
(800, b'0', '2019-07-27 21:07:12', -1, 1, 400),
(801, b'0', '2019-12-04 17:10:48', -1, 12, 401),
(802, b'1', '2019-11-30 12:52:29', -1, 1, 401),
(803, b'0', '2019-12-03 18:56:40', -1, 5, 402),
(804, b'0', '2019-12-03 18:55:37', -1, 5, 403),
(805, b'1', '2019-11-30 12:27:37', -1, 1, 402),
(806, b'1', '2019-11-30 12:28:22', -1, 1, 403),
(807, b'0', '2019-12-04 17:10:50', -1, 12, 404),
(808, b'0', '2019-12-03 18:54:57', -1, 9, 405),
(809, b'0', '2019-12-10 00:26:55', -1, 9, 406),
(810, b'1', '2019-12-03 09:29:36', -1, 1, 404),
(811, b'1', '2019-12-03 09:29:51', -1, 1, 405),
(812, b'1', '2019-12-04 17:07:24', -1, 5, 406),
(813, b'0', '2019-12-03 18:56:51', -1, 3, 407),
(814, b'1', '2019-11-30 12:31:53', -1, 1, 407),
(815, b'0', '2019-12-03 18:54:54', -1, 9, 408),
(816, b'0', '2019-09-14 13:13:28', -1, 1, 409),
(817, b'1', '2019-11-30 12:52:51', -1, 1, 408),
(818, b'1', '2019-12-04 17:07:15', -1, 9, 409),
(819, b'0', '2019-12-04 17:15:28', -1, 2, 410),
(820, b'1', '2020-01-11 01:37:15', 0, 12, 410),
(821, b'0', '2019-11-30 12:43:54', -1, 1, 411),
(822, b'1', '2019-11-30 12:30:04', -1, 1, 411),
(823, b'0', '2019-11-30 12:44:49', -1, 1, 412),
(824, b'1', '2019-12-03 09:34:04', -1, 3, 412),
(825, b'0', '2019-11-21 16:49:43', -1, 1, 413),
(826, b'1', '2019-12-03 18:51:20', -1, 3, 413),
(827, b'0', '2019-11-21 16:49:41', -1, 1, 414),
(828, b'1', '2019-11-30 12:29:57', -1, 1, 414),
(829, b'0', '2019-12-04 17:14:17', -1, 3, 415),
(830, b'0', '2019-11-21 16:45:53', -1, 1, 416),
(831, b'1', '2019-11-30 12:52:34', -1, 1, 415),
(832, b'1', '2019-11-30 12:28:31', -1, 1, 416),
(833, b'0', '2019-12-10 00:27:12', -1, 3, 417),
(834, b'1', '2019-12-03 18:52:06', -1, 3, 417),
(835, b'0', '2019-11-13 16:27:38', -1, 1, 418),
(836, b'0', '2019-12-03 18:55:13', -1, 7, 419),
(837, b'0', '2019-12-03 18:56:59', -1, 3, 420),
(838, b'0', '2019-11-13 16:30:21', -1, 1, 421),
(839, b'0', '2019-11-30 12:46:40', -1, 1, 422),
(840, b'0', '2019-12-03 18:56:36', -1, 5, 423),
(841, b'0', '2019-12-04 17:13:42', -1, 3, 424),
(842, b'0', '2019-11-21 16:45:47', -1, 1, 425),
(843, b'0', '2019-11-21 16:49:54', -1, 1, 426),
(844, b'0', '2019-11-30 12:42:05', -1, 1, 427),
(845, b'0', '2019-11-30 12:43:24', -1, 1, 428),
(846, b'0', '2019-11-30 12:43:26', -1, 1, 429),
(847, b'0', '2019-12-03 18:56:33', -1, 5, 430),
(848, b'0', '2019-11-30 12:45:57', -1, 1, 431),
(849, b'0', '2019-12-03 18:55:39', -1, 5, 432),
(850, b'0', '2019-12-21 21:19:22', -1, 7, 433),
(851, b'0', '2019-11-21 16:45:21', -1, 1, 434),
(852, b'0', '2019-12-04 17:14:27', -1, 3, 435),
(853, b'0', '2019-11-21 16:49:29', -1, 1, 436),
(854, b'0', '2019-12-03 18:55:43', -1, 5, 437),
(855, b'0', '2019-11-30 12:44:02', -1, 1, 438),
(856, b'0', '2019-11-21 16:48:47', -1, 1, 439),
(857, b'0', '2019-11-21 16:49:23', -1, 1, 440),
(858, b'0', '2019-12-03 18:55:23', -1, 6, 441),
(859, b'0', '2019-11-21 16:49:18', -1, 1, 442),
(860, b'0', '2019-11-30 12:43:34', -1, 1, 443),
(861, b'0', '2019-12-03 18:57:27', -1, 2, 444),
(862, b'0', '2019-12-04 17:14:24', -1, 3, 445),
(863, b'0', '2019-12-24 12:18:04', -1, 12, 446),
(864, b'0', '2019-11-30 12:46:56', -1, 1, 447),
(865, b'0', '2019-11-30 12:46:00', -1, 1, 448),
(866, b'0', '2019-11-30 12:46:06', -1, 1, 449),
(867, b'0', '2019-12-03 18:55:11', -1, 7, 450),
(868, b'0', '2019-11-21 16:49:26', -1, 1, 451),
(869, b'0', '2019-11-13 16:30:32', -1, 1, 452),
(870, b'0', '2019-11-21 16:48:39', -1, 1, 453),
(871, b'1', '2019-12-03 09:33:47', -1, 3, 418),
(872, b'1', '2019-12-01 11:49:55', -1, 1, 419),
(873, b'1', '2019-11-30 12:31:41', -1, 1, 420),
(874, b'1', '2019-12-03 09:33:12', -1, 4, 421),
(875, b'1', '2019-12-03 18:52:11', -1, 2, 422),
(876, b'1', '2019-12-01 11:49:50', -1, 1, 423),
(877, b'1', '2019-12-03 18:50:08', -1, 5, 424),
(878, b'1', '2019-11-30 12:28:37', -1, 1, 425),
(879, b'1', '2019-11-30 12:30:54', -1, 1, 426),
(880, b'1', '2019-11-30 12:31:36', -1, 1, 427),
(881, b'1', '2019-12-04 08:45:47', -1, 3, 428),
(882, b'1', '2019-11-30 12:30:00', -1, 1, 429),
(883, b'1', '2019-12-01 11:49:43', -1, 1, 430),
(884, b'1', '2019-12-03 09:33:38', -1, 3, 431),
(885, b'1', '2019-11-30 12:53:12', -1, 1, 432),
(886, b'1', '2019-12-11 23:30:53', -1, 5, 433),
(887, b'1', '2019-11-30 12:30:17', -1, 1, 434),
(888, b'1', '2019-11-30 12:27:23', -1, 1, 435),
(889, b'1', '2019-12-03 18:51:18', -1, 3, 436),
(890, b'1', '2019-12-03 09:34:01', -1, 3, 437),
(891, b'1', '2019-12-03 09:33:42', -1, 3, 438),
(892, b'1', '2019-12-03 18:50:20', -1, 3, 439),
(893, b'1', '2019-11-30 12:30:28', -1, 1, 440),
(894, b'1', '2019-11-30 12:52:44', -1, 1, 441),
(895, b'1', '2019-11-30 12:29:45', -1, 1, 442),
(896, b'1', '2019-12-03 18:51:15', -1, 3, 443),
(897, b'1', '2019-11-30 12:30:13', -1, 1, 444),
(898, b'1', '2019-12-03 18:51:34', -1, 3, 445),
(899, b'1', '2019-12-03 18:50:25', -1, 3, 446),
(900, b'1', '2019-11-30 12:29:42', -1, 1, 447),
(901, b'1', '2019-12-03 18:50:28', -1, 3, 448),
(902, b'1', '2019-12-03 18:50:40', -1, 3, 449),
(903, b'1', '2019-12-03 09:29:58', -1, 1, 450),
(904, b'1', '2019-11-30 12:32:29', -1, 1, 451),
(905, b'1', '2019-11-30 12:52:59', -1, 1, 452),
(906, b'1', '2019-11-30 12:27:42', -1, 1, 453),
(907, b'0', '2019-11-21 16:49:08', -1, 1, 454),
(908, b'1', '2019-12-03 18:50:35', -1, 3, 454),
(909, b'0', '2019-12-04 17:14:34', -1, 3, 455),
(910, b'0', '2019-12-04 17:14:14', -1, 3, 456),
(911, b'0', '2019-11-30 12:41:45', -1, 1, 457),
(912, b'0', '2019-11-30 12:44:36', -1, 1, 458),
(913, b'0', '2019-12-04 17:14:30', -1, 3, 459),
(914, b'1', '2019-12-10 00:28:48', -1, 6, 455),
(915, b'1', '2019-11-30 12:32:00', -1, 1, 456),
(916, b'1', '2020-01-11 01:36:51', 0, 13, 457),
(917, b'1', '2019-12-03 09:33:56', -1, 3, 458),
(918, b'1', '2019-12-03 09:32:23', -1, 5, 459),
(919, b'0', '2019-11-30 12:44:11', -1, 1, 460),
(920, b'1', '2019-11-30 12:27:54', -1, 1, 460),
(921, b'0', '2019-12-10 00:27:14', -1, 3, 461),
(922, b'1', '2019-12-04 17:07:21', -1, 7, 461),
(923, b'0', '2019-12-03 18:53:54', -1, 1, 462),
(924, b'1', '2019-12-03 09:29:00', -1, 1, 462),
(925, b'0', '2019-12-04 17:15:31', -1, 2, 463),
(926, b'1', '2019-12-03 18:49:49', -1, 1, 463),
(927, b'0', '2020-01-07 00:49:20', -1, 7, 464),
(928, b'1', '2020-01-11 01:32:11', 0, 8, 464),
(929, b'0', '2019-12-10 00:26:32', -1, 1, 465),
(930, b'1', '2019-12-11 23:31:20', -1, 3, 465),
(931, b'0', '2020-01-10 20:42:02', -1, 13, 466),
(932, b'1', '2020-01-11 01:33:35', -1, 7, 466),
(933, b'0', '2019-12-14 20:08:54', -1, 3, 467),
(934, b'0', '2019-12-10 00:25:42', -1, 1, 468),
(935, b'0', '2019-12-10 00:26:27', -1, 1, 469),
(936, b'0', '2019-12-10 00:24:03', -1, 1, 470),
(937, b'0', '2019-12-10 00:26:16', -1, 1, 471),
(938, b'0', '2019-12-10 00:26:14', -1, 1, 472),
(939, b'0', '2019-12-10 00:26:07', -1, 1, 473),
(940, b'0', '2019-12-10 00:26:29', -1, 1, 474),
(941, b'0', '2019-12-24 12:18:10', -1, 7, 475),
(942, b'0', '2019-12-10 00:23:42', -1, 1, 476),
(943, b'0', '2020-01-07 00:49:12', -1, 7, 477),
(944, b'0', '2019-12-10 00:26:09', -1, 1, 478),
(945, b'0', '2019-12-10 00:26:25', -1, 1, 479),
(946, b'0', '2020-01-08 00:35:39', -1, 11, 480),
(947, b'0', '2019-12-21 21:19:30', -1, 5, 481),
(948, b'0', '2020-01-08 09:35:31', -1, 8, 482),
(949, b'0', '2020-01-10 20:42:05', -1, 11, 483),
(950, b'0', '2019-12-10 00:23:51', -1, 1, 484),
(951, b'0', '2020-01-08 09:35:26', -1, 9, 485),
(952, b'0', '2019-12-10 00:23:59', -1, 1, 486),
(953, b'0', '2020-01-11 01:31:21', -1, 13, 487),
(954, b'0', '2019-12-10 00:26:22', -1, 1, 488),
(955, b'1', '2019-12-11 23:31:26', -1, 3, 467),
(956, b'1', '2019-12-11 23:31:38', -1, 3, 468),
(957, b'1', '2019-12-11 23:31:58', -1, 2, 469),
(958, b'1', '2019-12-08 23:17:40', -1, 1, 470),
(959, b'1', '2019-12-08 23:16:13', -1, 1, 471),
(960, b'1', '2019-12-11 23:31:00', -1, 3, 472),
(961, b'1', '2019-12-08 23:18:20', -1, 1, 473),
(962, b'1', '2019-12-08 23:16:48', -1, 1, 474),
(963, b'1', '2019-12-22 12:53:52', -1, 6, 475),
(964, b'1', '2019-12-11 23:31:15', -1, 3, 476),
(965, b'1', '2019-12-11 23:30:55', -1, 3, 477),
(966, b'1', '2019-12-11 23:30:57', -1, 3, 478),
(967, b'1', '2019-12-11 23:31:03', -1, 3, 479),
(968, b'1', '2020-01-11 01:31:31', 2, 8, 480),
(969, b'1', '2019-12-22 15:13:09', -1, 6, 481),
(970, b'1', '2019-12-11 23:31:18', -1, 3, 482),
(971, b'1', '2019-12-22 15:13:00', -1, 7, 483),
(972, b'1', '2019-12-11 23:31:06', -1, 3, 484),
(973, b'1', '2019-12-22 12:53:56', -1, 5, 485),
(974, b'1', '2019-12-08 23:16:28', -1, 1, 486),
(975, b'1', '2019-12-22 15:08:49', 0, 6, 487),
(976, b'1', '2019-12-08 23:17:21', -1, 1, 488),
(977, b'0', '2019-12-10 00:26:20', -1, 1, 489),
(978, b'1', '2019-12-14 20:05:47', -1, 5, 489),
(979, b'0', '2019-12-10 00:23:48', -1, 1, 490),
(980, b'1', '2019-12-11 23:29:41', -1, 1, 490),
(981, b'1', '2019-12-11 23:31:49', -1, 2, 491),
(982, b'0', '2019-12-11 00:10:59', -1, 1, 491),
(983, b'0', '2019-12-24 12:18:15', -1, 3, 492),
(984, b'0', '2020-01-11 01:29:46', 1, 11, 493),
(985, b'0', '2020-01-11 01:29:15', 5, 9, 494),
(986, b'0', '2019-12-14 20:08:57', -1, 2, 495),
(987, b'0', '2019-12-14 20:08:03', -1, 1, 496),
(988, b'0', '2019-12-21 21:13:53', -1, 1, 497),
(989, b'0', '2019-12-21 21:16:42', -1, 1, 498),
(990, b'0', '2020-01-11 01:30:25', 0, 12, 499),
(991, b'0', '2019-12-14 20:08:05', -1, 1, 500),
(992, b'0', '2019-12-11 00:40:08', -1, 1, 501),
(993, b'0', '2020-01-10 20:42:27', -1, 4, 502),
(994, b'0', '2019-12-14 20:08:08', -1, 1, 503),
(995, b'0', '2020-01-08 09:35:39', -1, 5, 504),
(996, b'0', '2019-12-14 20:08:18', -1, 1, 505),
(997, b'0', '2019-12-11 00:40:02', -1, 1, 506),
(998, b'0', '2020-01-11 01:29:20', 3, 9, 507),
(999, b'0', '2019-12-14 20:08:11', -1, 1, 508),
(1000, b'1', '2020-01-11 01:33:39', -1, 6, 492),
(1001, b'1', '2019-12-11 23:32:01', -1, 2, 493),
(1002, b'1', '2020-01-11 15:56:10', 3, 7, 494),
(1003, b'1', '2019-12-11 23:29:17', -1, 1, 495),
(1004, b'1', '2019-12-11 23:29:47', -1, 1, 496),
(1005, b'1', '2019-12-22 15:13:19', -1, 3, 497),
(1006, b'1', '2019-12-22 15:13:16', -1, 5, 498),
(1007, b'1', '2020-01-11 15:56:00', 3, 8, 499),
(1008, b'1', '2019-12-11 23:29:14', -1, 1, 500),
(1009, b'1', '2019-12-11 23:29:34', -1, 1, 501),
(1010, b'1', '2020-01-11 01:33:44', 1, 6, 502),
(1011, b'1', '2019-12-11 23:30:10', -1, 1, 503),
(1012, b'1', '2019-12-22 15:13:14', -1, 5, 504),
(1013, b'1', '2019-12-11 23:30:06', -1, 1, 505),
(1014, b'1', '2020-01-11 15:56:06', 5, 7, 506),
(1015, b'1', '2020-01-11 01:37:48', 2, 6, 507),
(1016, b'1', '2019-12-11 23:29:38', -1, 1, 508),
(1017, b'0', '2020-01-11 01:29:00', 5, 9, 509),
(1018, b'1', '2020-01-11 01:37:06', 2, 4, 509),
(1019, b'1', '2019-12-22 15:13:22', -1, 2, 510),
(1020, b'0', '2019-12-21 12:10:40', -1, 1, 510),
(1021, b'0', '2020-01-07 00:49:45', -1, 3, 511),
(1022, b'0', '2020-01-10 20:42:31', -1, 3, 512),
(1023, b'0', '2020-01-10 20:43:05', -1, 3, 513),
(1024, b'1', '2019-12-22 12:51:19', -1, 1, 511),
(1025, b'1', '2020-01-11 01:33:48', -1, 3, 512),
(1026, b'1', '2020-01-11 01:34:04', 0, 3, 513),
(1027, b'0', '2020-01-10 20:42:51', -1, 3, 514),
(1028, b'0', '2019-12-21 12:10:26', -1, 1, 515),
(1029, b'0', '2020-01-07 00:49:34', -1, 3, 516),
(1030, b'0', '2020-01-11 01:30:34', 0, 8, 517),
(1031, b'0', '2020-01-11 15:54:13', 8, 14, 518),
(1032, b'0', '2020-01-07 00:49:31', -1, 3, 519),
(1033, b'0', '2020-01-10 20:42:46', -1, 3, 520),
(1034, b'0', '2020-01-11 01:29:33', 2, 8, 521),
(1035, b'0', '2020-01-11 01:30:11', 1, 9, 522),
(1036, b'0', '2020-01-11 01:30:37', 0, 6, 523),
(1037, b'0', '2020-01-11 01:29:09', 5, 9, 524),
(1038, b'0', '2019-12-21 21:16:58', -1, 1, 525),
(1039, b'0', '2020-01-07 00:49:48', -1, 3, 526),
(1040, b'0', '2019-12-21 21:16:31', -1, 1, 527),
(1041, b'0', '2020-01-11 15:54:17', 5, 9, 528),
(1042, b'0', '2020-01-10 20:42:57', -1, 3, 529),
(1043, b'0', '2019-12-24 12:18:17', -1, 3, 530),
(1044, b'0', '2020-01-11 01:30:39', 0, 4, 531),
(1045, b'0', '2019-12-24 12:18:20', -1, 3, 532),
(1046, b'1', '2020-01-11 01:34:15', 1, 2, 514),
(1047, b'1', '2020-01-11 01:33:58', -1, 3, 515),
(1048, b'1', '2020-01-11 01:31:48', 1, 3, 516),
(1049, b'1', '2019-12-22 15:12:55', 2, 2, 517),
(1050, b'1', '2019-12-22 15:12:04', 2, 2, 518),
(1051, b'1', '2020-01-11 01:34:19', 1, 2, 519),
(1052, b'1', '2020-01-11 01:34:07', -1, 3, 520),
(1053, b'1', '2020-01-11 01:38:11', 1, 3, 521),
(1054, b'1', '2020-01-11 01:38:46', 1, 3, 522),
(1055, b'1', '2019-12-22 15:12:30', 0, 2, 523),
(1056, b'1', '2020-01-11 15:56:21', 4, 4, 524),
(1057, b'1', '2019-12-22 12:51:07', -1, 1, 525),
(1058, b'1', '2019-12-22 12:52:52', -1, 1, 526),
(1059, b'1', '2019-12-22 12:53:33', -1, 1, 527),
(1060, b'1', '2020-01-11 01:34:35', 1, 3, 528),
(1061, b'1', '2020-01-11 01:32:07', 1, 3, 529),
(1062, b'1', '2019-12-22 12:51:36', -1, 1, 530),
(1063, b'1', '2019-12-22 12:53:40', -1, 1, 531),
(1064, b'1', '2020-01-11 15:56:13', 4, 4, 532),
(1065, b'0', '2020-01-08 09:35:43', -1, 5, 533),
(1066, b'0', '2020-01-10 20:42:20', -1, 5, 534),
(1067, b'0', '2020-01-10 20:42:07', -1, 7, 535),
(1068, b'1', '2020-01-11 01:33:54', -1, 3, 533),
(1069, b'1', '2020-01-11 01:34:10', -1, 3, 534),
(1070, b'1', '2020-01-11 01:33:50', -1, 3, 535),
(1071, b'0', '2019-12-21 12:10:22', -1, 1, 536),
(1072, b'1', '2019-12-22 12:53:30', -1, 1, 536),
(1073, b'0', '2020-01-07 00:49:29', -1, 4, 537),
(1074, b'1', '2019-12-22 12:51:59', -1, 1, 537),
(1075, b'0', '2019-12-24 12:17:32', -1, 1, 538),
(1076, b'0', '2019-12-24 12:17:26', -1, 1, 539),
(1077, b'0', '2019-12-24 12:17:54', -1, 1, 540),
(1078, b'0', '2019-12-24 12:17:47', -1, 1, 541),
(1079, b'0', '2020-01-11 01:29:29', 3, 7, 542),
(1080, b'0', '2019-12-24 12:17:05', -1, 1, 543),
(1081, b'1', '2020-01-11 15:56:27', 4, 4, 538),
(1082, b'1', '2019-12-22 12:52:58', -1, 1, 539),
(1083, b'1', '2019-12-22 12:53:13', -1, 1, 540),
(1084, b'1', '2020-01-11 01:32:05', 3, 3, 541),
(1085, b'1', '2020-01-11 01:38:09', 1, 3, 542),
(1086, b'1', '2020-01-11 01:31:53', 1, 3, 543),
(1087, b'0', '2020-01-10 20:41:31', 0, 6, 544),
(1088, b'0', '2019-12-24 12:17:57', -1, 1, 545),
(1089, b'0', '2020-01-10 20:42:16', -1, 5, 546),
(1090, b'0', '2020-01-10 20:41:35', 0, 6, 547),
(1091, b'0', '2020-01-11 01:30:43', 0, 3, 548),
(1092, b'0', '2019-12-24 12:17:11', -1, 1, 549),
(1093, b'0', '2020-01-10 20:43:00', -1, 3, 550),
(1094, b'1', '2020-01-11 01:32:37', -1, 1, 544),
(1095, b'1', '2020-01-11 01:33:29', -1, 1, 545),
(1096, b'1', '2020-01-11 01:33:22', -1, 1, 546),
(1097, b'1', '2020-01-11 01:33:26', 1, 1, 547),
(1098, b'1', NULL, 0, 0, 548),
(1099, b'1', '2020-01-11 01:32:41', -1, 1, 549),
(1100, b'1', '2020-01-11 01:33:09', 1, 1, 550),
(1101, b'0', '2020-01-10 20:42:44', 0, 3, 551),
(1102, b'0', '2019-12-24 12:17:51', -1, 1, 552),
(1103, b'1', '2020-01-11 01:32:45', -1, 1, 551),
(1104, b'1', '2020-01-11 01:32:15', 1, 1, 552),
(1105, b'0', '2020-01-10 20:42:24', -1, 5, 553),
(1106, b'1', '2020-01-11 01:32:28', -1, 1, 553),
(1107, b'0', '2020-01-11 01:29:37', 2, 6, 554),
(1108, b'1', NULL, 0, 0, 554),
(1109, b'0', '2020-01-11 01:30:18', 1, 6, 555),
(1110, b'1', NULL, 0, 0, 555),
(1111, b'0', '2020-01-10 20:41:39', 0, 4, 556),
(1112, b'0', '2020-01-10 20:42:38', -1, 3, 557),
(1113, b'0', '2020-01-07 00:48:18', -1, 1, 558),
(1114, b'0', '2020-01-10 20:43:14', -1, 2, 559),
(1115, b'1', '2020-01-11 01:32:21', -1, 1, 556),
(1116, b'1', '2020-01-11 01:33:01', -1, 1, 557),
(1117, b'1', '2020-01-11 01:32:55', -1, 1, 558),
(1118, b'1', '2020-01-11 01:33:18', -1, 1, 559),
(1119, b'0', '2020-01-10 20:41:47', -1, 1, 560),
(1120, b'1', '2020-01-11 01:33:05', -1, 1, 560),
(1121, b'0', '2020-01-10 20:41:52', -1, 1, 561),
(1122, b'1', '2020-01-11 01:32:52', -1, 1, 561),
(1123, b'0', '2020-01-11 01:31:10', 0, 1, 562),
(1124, b'0', '2020-01-11 01:31:14', 0, 1, 563),
(1125, b'0', '2020-01-11 01:30:59', 0, 1, 564),
(1126, b'0', '2020-01-11 01:30:57', 0, 1, 565),
(1127, b'0', '2020-01-11 01:31:16', 0, 1, 566),
(1128, b'1', NULL, 0, 0, 562),
(1129, b'1', NULL, 0, 0, 563),
(1130, b'1', NULL, 0, 0, 564),
(1131, b'1', NULL, 0, 0, 565),
(1132, b'1', NULL, 0, 0, 566),
(1133, b'0', '2020-01-11 01:30:55', 0, 1, 567),
(1134, b'1', NULL, 0, 0, 567),
(1135, b'0', NULL, 0, 0, 568),
(1136, b'0', NULL, 0, 0, 569),
(1137, b'1', NULL, 0, 0, 568),
(1138, b'1', NULL, 0, 0, 569),
(1139, b'0', NULL, 0, 0, 570),
(1140, b'1', NULL, 0, 0, 570),
(1141, b'0', NULL, 0, 0, 571),
(1142, b'1', NULL, 0, 0, 571),
(1143, b'0', NULL, 0, 0, 572),
(1144, b'1', NULL, 0, 0, 572);

-- --------------------------------------------------------

--
-- Table structure for table `user`
--

CREATE TABLE `user` (
  `id` bigint(20) NOT NULL,
  `login` varchar(255) COLLATE utf8_bin DEFAULT NULL,
  `pass` varchar(255) COLLATE utf8_bin DEFAULT NULL
) ENGINE=InnoDB DEFAULT CHARSET=utf8 COLLATE=utf8_bin;

--
-- Dumping data for table `user`
--

INSERT INTO `user` (`id`, `login`, `pass`) VALUES
(1, 'igrek', 'dupa');

-- --------------------------------------------------------

--
-- Table structure for table `user_word`
--

CREATE TABLE `user_word` (
  `id` bigint(20) NOT NULL,
  `user_id` bigint(20) NOT NULL,
  `word_id` bigint(20) NOT NULL
) ENGINE=InnoDB DEFAULT CHARSET=utf8 COLLATE=utf8_bin;

--
-- Dumping data for table `user_word`
--

INSERT INTO `user_word` (`id`, `user_id`, `word_id`) VALUES
(1, 1, 1),
(2, 1, 2),
(3, 1, 3),
(4, 1, 4),
(5, 1, 5),
(6, 1, 6),
(7, 1, 7),
(8, 1, 8),
(9, 1, 9),
(10, 1, 10),
(11, 1, 11),
(12, 1, 12),
(13, 1, 13),
(14, 1, 14),
(15, 1, 15),
(16, 1, 16),
(17, 1, 17),
(18, 1, 18),
(19, 1, 19),
(20, 1, 20),
(21, 1, 21),
(22, 1, 22),
(23, 1, 23),
(24, 1, 24),
(25, 1, 25),
(26, 1, 26),
(27, 1, 27),
(28, 1, 28),
(29, 1, 29),
(30, 1, 30),
(31, 1, 31),
(32, 1, 32),
(33, 1, 33),
(34, 1, 34),
(35, 1, 35),
(36, 1, 36),
(37, 1, 37),
(38, 1, 38),
(39, 1, 39),
(40, 1, 40),
(41, 1, 41),
(42, 1, 42),
(43, 1, 43),
(44, 1, 44),
(45, 1, 45),
(46, 1, 46),
(47, 1, 47),
(48, 1, 48),
(49, 1, 49),
(50, 1, 50),
(51, 1, 51),
(52, 1, 52),
(53, 1, 53),
(54, 1, 54),
(55, 1, 55),
(56, 1, 56),
(57, 1, 57),
(58, 1, 58),
(59, 1, 59),
(60, 1, 60),
(61, 1, 61),
(62, 1, 62),
(63, 1, 63),
(64, 1, 64),
(65, 1, 65),
(66, 1, 66),
(67, 1, 67),
(68, 1, 68),
(69, 1, 69),
(70, 1, 70),
(71, 1, 71),
(72, 1, 72),
(73, 1, 73),
(74, 1, 74),
(75, 1, 75),
(76, 1, 76),
(77, 1, 77),
(78, 1, 78),
(79, 1, 79),
(80, 1, 80),
(81, 1, 81),
(82, 1, 82),
(83, 1, 83),
(84, 1, 84),
(85, 1, 85),
(86, 1, 86),
(87, 1, 87),
(88, 1, 88),
(89, 1, 89),
(90, 1, 90),
(91, 1, 91),
(92, 1, 92),
(93, 1, 93),
(94, 1, 94),
(95, 1, 95),
(96, 1, 96),
(97, 1, 97),
(98, 1, 98),
(99, 1, 99),
(100, 1, 100),
(101, 1, 101),
(102, 1, 102),
(103, 1, 103),
(104, 1, 104),
(105, 1, 105),
(106, 1, 106),
(107, 1, 107),
(108, 1, 108),
(109, 1, 109),
(110, 1, 110),
(111, 1, 111),
(112, 1, 112),
(113, 1, 113),
(114, 1, 114),
(115, 1, 115),
(116, 1, 116),
(117, 1, 117),
(118, 1, 118),
(119, 1, 119),
(120, 1, 120),
(121, 1, 121),
(122, 1, 122),
(123, 1, 123),
(124, 1, 124),
(125, 1, 125),
(126, 1, 126),
(127, 1, 127),
(128, 1, 128),
(129, 1, 129),
(130, 1, 130),
(131, 1, 131),
(132, 1, 132),
(133, 1, 133),
(134, 1, 134),
(135, 1, 135),
(136, 1, 136),
(137, 1, 137),
(138, 1, 138),
(139, 1, 139),
(140, 1, 140),
(141, 1, 141),
(142, 1, 142),
(143, 1, 143),
(144, 1, 144),
(145, 1, 145),
(146, 1, 146),
(147, 1, 147),
(148, 1, 148),
(149, 1, 149),
(150, 1, 150),
(151, 1, 151),
(152, 1, 152),
(153, 1, 153),
(154, 1, 154),
(155, 1, 155),
(156, 1, 156),
(157, 1, 157),
(158, 1, 158),
(159, 1, 159),
(160, 1, 160),
(161, 1, 161),
(162, 1, 162),
(163, 1, 163),
(164, 1, 164),
(165, 1, 165),
(166, 1, 166),
(167, 1, 167),
(168, 1, 168),
(169, 1, 169),
(170, 1, 170),
(171, 1, 171),
(172, 1, 172),
(173, 1, 173),
(174, 1, 174),
(175, 1, 175),
(176, 1, 176),
(177, 1, 177),
(178, 1, 178),
(179, 1, 179),
(180, 1, 180),
(181, 1, 181),
(182, 1, 182),
(183, 1, 183),
(184, 1, 184),
(185, 1, 185),
(186, 1, 186),
(187, 1, 187),
(188, 1, 188),
(189, 1, 189),
(190, 1, 190),
(191, 1, 191),
(192, 1, 192),
(193, 1, 193),
(194, 1, 194),
(195, 1, 195),
(196, 1, 196),
(197, 1, 197),
(198, 1, 198),
(199, 1, 199),
(200, 1, 200),
(201, 1, 201),
(202, 1, 202),
(203, 1, 203),
(204, 1, 204),
(205, 1, 205),
(206, 1, 206),
(207, 1, 207),
(208, 1, 208),
(209, 1, 209),
(210, 1, 210),
(211, 1, 211),
(213, 1, 213),
(214, 1, 214),
(215, 1, 215),
(216, 1, 216),
(217, 1, 217),
(218, 1, 218),
(219, 1, 219),
(220, 1, 220),
(221, 1, 221),
(222, 1, 222),
(271, 1, 271),
(272, 1, 272),
(273, 1, 273),
(274, 1, 274),
(275, 1, 275),
(276, 1, 276),
(277, 1, 277),
(278, 1, 278),
(279, 1, 279),
(280, 1, 280),
(281, 1, 281),
(282, 1, 282),
(283, 1, 283),
(284, 1, 284),
(285, 1, 285),
(286, 1, 286),
(287, 1, 287),
(288, 1, 288),
(289, 1, 289),
(290, 1, 290),
(291, 1, 291),
(292, 1, 292),
(293, 1, 293),
(294, 1, 294),
(295, 1, 295),
(296, 1, 296),
(297, 1, 297),
(298, 1, 298),
(299, 1, 299),
(300, 1, 300),
(301, 1, 301),
(302, 1, 302),
(303, 1, 303),
(304, 1, 304),
(305, 1, 305),
(306, 1, 306),
(307, 1, 307),
(308, 1, 308),
(309, 1, 309),
(310, 1, 310),
(311, 1, 311),
(312, 1, 312),
(313, 1, 313),
(314, 1, 314),
(315, 1, 315),
(316, 1, 316),
(317, 1, 317),
(318, 1, 318),
(319, 1, 319),
(320, 1, 320),
(321, 1, 321),
(322, 1, 322),
(323, 1, 323),
(324, 1, 324),
(325, 1, 325),
(326, 1, 326),
(327, 1, 327),
(328, 1, 328),
(329, 1, 329),
(330, 1, 330),
(331, 1, 331),
(332, 1, 332),
(333, 1, 333),
(334, 1, 334),
(335, 1, 335),
(336, 1, 336),
(337, 1, 337),
(338, 1, 338),
(339, 1, 339),
(340, 1, 340),
(341, 1, 341),
(342, 1, 342),
(343, 1, 343),
(344, 1, 344),
(345, 1, 345),
(346, 1, 346),
(347, 1, 347),
(348, 1, 348),
(349, 1, 349),
(350, 1, 350),
(351, 1, 351),
(352, 1, 352),
(353, 1, 353),
(354, 1, 354),
(355, 1, 355),
(356, 1, 356),
(357, 1, 357),
(358, 1, 358),
(359, 1, 359),
(360, 1, 360),
(361, 1, 361),
(362, 1, 362),
(363, 1, 363),
(364, 1, 364),
(365, 1, 365),
(366, 1, 366),
(367, 1, 367),
(368, 1, 368),
(369, 1, 369),
(370, 1, 370),
(371, 1, 371),
(372, 1, 372),
(373, 1, 373),
(374, 1, 374),
(375, 1, 375),
(376, 1, 376),
(377, 1, 377),
(378, 1, 378),
(379, 1, 379),
(380, 1, 380),
(381, 1, 381),
(382, 1, 382),
(383, 1, 383),
(384, 1, 384),
(385, 1, 385),
(386, 1, 386),
(387, 1, 387),
(388, 1, 388),
(389, 1, 389),
(390, 1, 390),
(391, 1, 391),
(392, 1, 392),
(393, 1, 393),
(394, 1, 394),
(395, 1, 395),
(396, 1, 396),
(397, 1, 397),
(398, 1, 398),
(399, 1, 399),
(400, 1, 400),
(401, 1, 401),
(402, 1, 402),
(403, 1, 403),
(404, 1, 404),
(405, 1, 405),
(406, 1, 406),
(407, 1, 407),
(408, 1, 408),
(409, 1, 409),
(410, 1, 410),
(411, 1, 411),
(412, 1, 412),
(413, 1, 413),
(414, 1, 414),
(415, 1, 415),
(416, 1, 416),
(417, 1, 417),
(418, 1, 418),
(419, 1, 419),
(420, 1, 420),
(421, 1, 421),
(422, 1, 422),
(423, 1, 423),
(424, 1, 424),
(425, 1, 425),
(426, 1, 426),
(427, 1, 427),
(428, 1, 428),
(429, 1, 429),
(430, 1, 430),
(431, 1, 431),
(432, 1, 432),
(433, 1, 433),
(434, 1, 434),
(435, 1, 435),
(436, 1, 436),
(437, 1, 437),
(438, 1, 438),
(439, 1, 439),
(440, 1, 440),
(441, 1, 441),
(442, 1, 442),
(443, 1, 443),
(444, 1, 444),
(445, 1, 445),
(446, 1, 446),
(447, 1, 447),
(448, 1, 448),
(449, 1, 449),
(450, 1, 450),
(451, 1, 451),
(452, 1, 452),
(453, 1, 453),
(454, 1, 454),
(455, 1, 455),
(456, 1, 456),
(457, 1, 457),
(458, 1, 458),
(459, 1, 459),
(460, 1, 460),
(461, 1, 461),
(462, 1, 462),
(463, 1, 463),
(464, 1, 464),
(465, 1, 465),
(466, 1, 466),
(467, 1, 467),
(468, 1, 468),
(469, 1, 469),
(470, 1, 470),
(471, 1, 471),
(472, 1, 472),
(473, 1, 473),
(474, 1, 474),
(475, 1, 475),
(476, 1, 476),
(477, 1, 477),
(478, 1, 478),
(479, 1, 479),
(480, 1, 480),
(481, 1, 481),
(482, 1, 482),
(483, 1, 483),
(484, 1, 484),
(485, 1, 485),
(486, 1, 486),
(487, 1, 487),
(488, 1, 488),
(489, 1, 489),
(490, 1, 490),
(491, 1, 491),
(492, 1, 492),
(493, 1, 493),
(494, 1, 494),
(495, 1, 495),
(496, 1, 496),
(497, 1, 497),
(498, 1, 498),
(499, 1, 499),
(500, 1, 500),
(501, 1, 501),
(502, 1, 502),
(503, 1, 503),
(504, 1, 504),
(505, 1, 505),
(506, 1, 506),
(507, 1, 507),
(508, 1, 508),
(509, 1, 509),
(510, 1, 510),
(511, 1, 511),
(512, 1, 512),
(513, 1, 513),
(514, 1, 514),
(515, 1, 515),
(516, 1, 516),
(517, 1, 517),
(518, 1, 518),
(519, 1, 519),
(520, 1, 520),
(521, 1, 521),
(522, 1, 522),
(523, 1, 523),
(524, 1, 524),
(525, 1, 525),
(526, 1, 526),
(527, 1, 527),
(528, 1, 528),
(529, 1, 529),
(530, 1, 530),
(531, 1, 531),
(532, 1, 532),
(533, 1, 533),
(534, 1, 534),
(535, 1, 535),
(536, 1, 536),
(537, 1, 537),
(538, 1, 538),
(539, 1, 539),
(540, 1, 540),
(541, 1, 541),
(542, 1, 542),
(543, 1, 543),
(544, 1, 544),
(545, 1, 545),
(546, 1, 546),
(547, 1, 547),
(548, 1, 548),
(549, 1, 549),
(550, 1, 550),
(551, 1, 551),
(552, 1, 552),
(553, 1, 553),
(554, 1, 554),
(555, 1, 555),
(556, 1, 556),
(557, 1, 557),
(558, 1, 558),
(559, 1, 559),
(560, 1, 560),
(561, 1, 561),
(562, 1, 562),
(563, 1, 563),
(564, 1, 564),
(565, 1, 565),
(566, 1, 566),
(567, 1, 567),
(568, 1, 568),
(569, 1, 569),
(570, 1, 570),
(571, 1, 571),
(572, 1, 572);

-- --------------------------------------------------------

--
-- Table structure for table `word`
--

CREATE TABLE `word` (
  `id` bigint(20) NOT NULL,
  `dictionary_id` bigint(20) NOT NULL,
  `name` varchar(255) COLLATE utf8_bin NOT NULL,
  `definition` varchar(255) COLLATE utf8_bin NOT NULL
) ENGINE=InnoDB DEFAULT CHARSET=utf8 COLLATE=utf8_bin;

--
-- Dumping data for table `word`
--

INSERT INTO `word` (`id`, `dictionary_id`, `name`, `definition`) VALUES
(1, 1, 'associate', 'wsplnik, kojarzy'),
(2, 1, 'assess', 'ocenia'),
(3, 1, 'legitimate', 'uzasadniony'),
(4, 1, 'admittedly', 'umylnie'),
(5, 1, 'contemporary', 'wspczesny'),
(6, 1, 'ubiquitous', 'wszechobecny'),
(7, 1, 'brevity', 'zwizo'),
(8, 1, 'comprise', 'zawiera, skada si'),
(9, 1, 'devour', 'poera'),
(10, 1, 'strive', 'stara si'),
(11, 1, 'utter', 'kompletny'),
(12, 1, 'defer', 'opnia, odracza'),
(13, 1, 'undergo', 'zosta poddanym'),
(14, 1, 'tedious', 'nudny'),
(15, 1, 'in turn', 'z kolei'),
(16, 1, 'immanent', 'nieodczny'),
(17, 1, 'merit', 'zasuga'),
(18, 1, 'severe', 'silny, surowy'),
(19, 1, 'thorough', 'gruntowny, dokadny'),
(20, 1, 'throughout', 'w caym'),
(21, 1, 'eminent', 'wybitny'),
(22, 1, 'decoupled', 'oddzielony'),
(23, 1, 'composite', 'czny'),
(24, 1, 'detour', 'objazd'),
(25, 1, 'admit', 'przyznawa si, wpuszcza'),
(26, 1, 'accordingly', 'w zwizku z tym, odpowiednio'),
(27, 1, 'depict', 'przedstawia'),
(28, 1, 'conceive', 'obmyli, poj'),
(29, 1, 'reminiscent', 'pamitny'),
(30, 1, 'superficial', 'powierzchowny'),
(31, 1, 'robust', 'silny, solidny'),
(32, 1, 'elaborate', 'opracowa, rozwija, dopracowany, zawiy'),
(33, 1, 'leap', 'skok'),
(34, 1, 'intricate', 'zawiy'),
(35, 1, 'contrive', 'obmyla'),
(36, 1, 'notion', 'pojcie'),
(37, 1, 'compliant', 'zgodny'),
(38, 1, 'intimidate', 'zastrasza'),
(39, 1, 'prominent', 'wybitny'),
(40, 1, 'protuberant', 'wypuky'),
(41, 1, 'in terms of', 'jeli chodzi o, pod wzgldem, z punktu widzenia'),
(42, 1, 'vulnerable', 'podatny'),
(43, 1, 'leverage', 'wpyw, wykorzysta'),
(44, 1, 'eligible', 'nadajcy si'),
(45, 1, 'deliberate', 'celowy, przemylany, rozwaa'),
(46, 1, 'substantial', 'znaczny'),
(47, 1, 'compartment', 'przegroda'),
(48, 1, 'concise', 'zwizy'),
(49, 1, 'oath', 'przysiga, przeklestwo'),
(50, 1, 'derelict', 'porzucony'),
(51, 1, 'endow', 'obdarzy'),
(52, 1, 'nudge', 'trci'),
(53, 1, 'thaw', 'odwil, rozmraa'),
(54, 1, 'bifurcate', 'rozwidla si'),
(55, 1, 'dispatch', 'wysya'),
(56, 1, 'summit', 'szczyt, wierzchoek'),
(57, 1, 'retain', 'zachowa'),
(58, 1, 'prone', 'skonny'),
(59, 1, 'prune', 'redukowa, przycina'),
(60, 1, 'implicit', 'domniemany'),
(61, 1, 'explicit', 'wyrany'),
(62, 1, 'distinct', 'oddzielny, wyrazisty'),
(63, 1, 'rupture', 'pknicie'),
(64, 1, 'reciprocal', 'odwrotno, wzajemny, obustronny'),
(65, 1, 'obsolete', 'przestarzay'),
(66, 1, 'constraint', 'ograniczenie, przymus'),
(67, 1, 'insolence', 'zuchwao'),
(68, 1, 'comprehend', 'zrozumie'),
(69, 1, 'comprehensible', 'zrozumiay'),
(70, 1, 'comprehensive', 'wszechstronny, peny'),
(71, 1, 'auxiliary', 'pomocniczy'),
(72, 1, 'forsake', 'porzucic'),
(73, 1, 'ancestry', 'pochodzenie'),
(74, 1, 'recipient', 'odbiorca'),
(75, 1, 'sake', 'wzgld'),
(76, 1, 'endeavour', 'usiowa, denie'),
(77, 1, 'retrieve', 'odzyska'),
(78, 1, 'retract', 'wycofa'),
(79, 1, 'commit', 'powierza, odda'),
(80, 1, 'commitment', 'zobowizanie'),
(81, 1, 'aggregate', 'sumaryczny'),
(82, 1, 'stash', 'schowa na potem'),
(83, 1, 'amend', 'poprawi'),
(84, 1, 'vicious', 'zy, zoliwy'),
(85, 1, 'loom', 'wynurza si (z mgy)'),
(86, 1, 'twine', 'wykrca'),
(87, 1, 'bundle', 'wizka'),
(88, 1, 'invoke', 'odwoa si, wezwa'),
(89, 1, 'scaffolding', 'rusztowanie'),
(90, 1, 'tenant', 'lokator'),
(91, 1, 'rampart', 'wa'),
(92, 1, 'decent', 'przyzwoity'),
(93, 1, 'precede', 'poprzedza'),
(94, 1, 'obliterate', 'wymaza'),
(95, 1, 'latter', 'drugi'),
(96, 1, 'encounter', 'natkn si, starcie'),
(97, 1, 'clutter', 'niead'),
(98, 1, 'cluster', 'grupa'),
(99, 1, 'superfluous', 'zbdny'),
(100, 1, 'unobtrusive', 'dyskretny'),
(101, 1, 'descendant', 'potomek'),
(102, 1, 'unlikely', 'mao prawdopodobne'),
(103, 1, 'repel', 'odpycha'),
(104, 1, 'barley', 'jczmie'),
(105, 1, 'wheat', 'pszenica'),
(106, 1, 'yeast', 'drode'),
(107, 1, 'maize', 'kukurydza'),
(108, 1, 'ripen', 'dojrzewa'),
(109, 1, 'outweigh', 'przewaa'),
(110, 1, 'perimeter', 'obwd'),
(111, 1, 'despicable', 'pody'),
(112, 1, 'synopsis', 'streszczenie'),
(113, 1, 'concurrent', 'wspbieny'),
(114, 1, 'coincident', 'zbieny, zgodny, rwnoczesny'),
(115, 1, 'plausible', 'prawdopodobny, wiarygodny'),
(116, 1, 'parcel', 'paczka'),
(117, 1, 'dignity', 'godno'),
(118, 1, 'persistent', 'trway'),
(119, 1, 'ellipsis', 'wielokropek'),
(120, 1, 'seal off', 'zamyka dostp do'),
(121, 1, 'breach', 'wyom, przeama'),
(122, 1, 'spurious', 'nieprawdziwy'),
(123, 1, 'ambiguous', 'dwuznaczny'),
(124, 1, 'ostensibly', 'rzekomo'),
(125, 1, 'propriety', 'stosowno'),
(126, 1, 'proprietary', 'wasny, firmowy'),
(127, 1, 'scarce', 'deficytowy, rzadki, ograniczony'),
(128, 1, 'quotas', 'przydzia'),
(129, 1, 'bias', 'odchyka, stronniczo, uprzedzenie'),
(130, 1, 'cater', 'zaopatrywa'),
(131, 1, 'cumbersome', 'niewygodny'),
(132, 1, 'payload', 'adunek'),
(133, 1, 'sentry', 'wartownik'),
(134, 1, 'suffice', 'wystarcza'),
(135, 1, 'designate', 'wyznacza'),
(136, 1, 'denote', 'oznaczy'),
(137, 1, 'tier', 'poziom, warstwa'),
(138, 1, 'subsequent', 'pniejszy'),
(139, 1, 'frontier', 'granica'),
(140, 1, 'depiction', 'opis'),
(141, 1, 'invoice', 'faktura'),
(142, 1, 'inference', 'wnioskowanie'),
(143, 1, 'crucial', 'rozstrzygajcy'),
(144, 1, 'suppress', 'stumi'),
(145, 1, 'affinity', 'podobiestwo'),
(146, 1, 'augmented', 'rozszerzony'),
(147, 1, 'inhabitant', 'mieszkaniec'),
(148, 1, 'mock', 'prbny'),
(149, 1, 'intercept', 'przechwytywa'),
(150, 1, 'decline', 'spadek, podupada'),
(151, 1, 'cognitive', 'poznawczy'),
(152, 1, 'contiguous', 'przylegy'),
(153, 1, 'collate', 'zestawi'),
(154, 1, 'verbatim', 'dosownie'),
(155, 1, 'coercion', 'wymuszenie, przymus'),
(156, 1, 'thoroughly', 'cakowicie'),
(157, 1, 'unattended', 'bez nadzoru'),
(158, 1, 'nonetheless', 'pomimo to'),
(159, 1, 'precedence', 'pierwszestwo'),
(160, 1, 'pedigree', 'rodowd'),
(161, 1, 'solely', 'jedynie, wycznie'),
(162, 1, 'merely', 'jedynie'),
(163, 1, 'conform', 'dostosowywa si'),
(164, 1, 'contradiction', 'sprzeczno'),
(165, 1, 'compel', 'zmusza'),
(166, 1, 'inhibit', 'powstrzymywa'),
(167, 1, 'verity', 'prawda'),
(168, 1, 'recede', 'cofa si'),
(169, 1, 'scatter', 'rozrzuca, rozproszy si'),
(170, 1, 'bulk', 'hurt'),
(171, 1, 'evade', 'unika'),
(172, 1, 'assessment', 'oszacowanie'),
(173, 1, 'abruptly', 'nagle'),
(174, 1, 'perseverance', 'wytrwao'),
(175, 1, 'hence', 'std'),
(176, 1, 'resort', 'ucieka si, uciekanie si'),
(177, 1, 'as a last resort', 'w ostatecznoci'),
(178, 1, 'invariant', 'niezmienny'),
(179, 1, 'sophisticated', 'wyrafinowany'),
(180, 1, 'refer to', 'oznacza, odnosi si do, korzysta z'),
(181, 1, 'due to', 'z powodu'),
(182, 1, 'tread', 'chd, bienik'),
(183, 1, 'reluctant', 'niechtny'),
(184, 1, 'consecutive', 'kolejny'),
(185, 1, 'stare', 'gapi si'),
(186, 1, 'viral', 'wirusowy'),
(187, 1, 'subvert', 'obala'),
(188, 1, 'dormant', 'bezczynny, picy'),
(189, 1, 'fragrance', 'zapach'),
(190, 1, 'stake', 'koek, stawka, obstawia'),
(191, 1, 'streak', 'pasmo, smuga'),
(192, 1, 'sustain', 'podtrzymywa'),
(193, 1, 'spree', 'hulanka, sza'),
(194, 1, 'perpetual', 'wieczny'),
(195, 1, 'lurk', 'czai si'),
(196, 1, 'peek', 'zerka'),
(197, 1, 'peak', 'szczyt'),
(198, 1, 'compulsory', 'przymusowy'),
(199, 1, 'bizarre', 'dziwaczny'),
(200, 1, 'ultimate', 'ostateczny, najwikszy'),
(201, 1, 'latch', 'zatrzask'),
(202, 1, 'grieve', 'smuci si'),
(203, 1, 'mutually', 'wzajemnie'),
(204, 1, 'cohesion', 'spjno'),
(205, 1, 'revoke', 'uniewania'),
(206, 1, 'endurance', 'wytrzymao'),
(207, 1, 'diminish', 'pomniejsza'),
(208, 1, 'disrupt', 'zakca, krzyowa'),
(209, 1, 'altogether', 'cakowicie, generalnie'),
(210, 1, 'yield', 'zysk, przynosi plon, ustpowa'),
(211, 1, 'negligible', 'nieistotny'),
(213, 1, 'albeit', 'aczkolwiek'),
(214, 1, 'thyme', 'tymianek'),
(215, 1, 'prior to', 'przed'),
(216, 1, 'extent', 'zakres, zasig'),
(217, 1, 'surplus', 'nadmiar, nadmiarowy'),
(218, 1, 'breed', 'hodowa'),
(219, 1, 'thus', 'a zatem'),
(220, 1, 'remarkable', 'nadzwyczajny'),
(221, 1, 'mediocre', 'przecitny, mierny'),
(222, 1, 'meaningful', 'sensowny'),
(223, 1, 'my bias', 'moje podejcie, nastawienie, punkt widzenia'),
(224, 1, 'twofold', 'dwojaki'),
(225, 1, 'grasp', 'chwyci, zrozumie'),
(226, 1, 'grab', 'chwyci, zapa'),
(227, 1, 'canvas', 'ptno np do malowania, pojcie wykorzystywane w programowaniu w kontekcie rysowania grafik'),
(228, 1, 'stilted', 'nienaturalny'),
(229, 1, 'invaluable', 'nieceniony'),
(230, 1, 'prevents', 'zapobiega'),
(231, 1, 'explicitly', 'wyranie'),
(232, 1, 'strive', 'stara si'),
(234, 1, 'exhausting', 'wyczerpujcy'),
(235, 1, 'internally', 'wewntrznie'),
(236, 1, 'obscured', 'zasonite'),
(237, 1, 'reminiscing', 'przywoywanie wspomnie'),
(238, 1, 'coverage', 'reporta, omwienie prasowe, pokrycie'),
(239, 1, 'comprehensive', 'wszechstronny, obszerny'),
(240, 1, 'efforts', 'starania'),
(241, 1, 'press release', 'komunikat prasowy'),
(242, 1, 'fees', 'opaty'),
(243, 1, 'redeem', 'wykupi, odkupi'),
(244, 1, 'audit', 'sprawdzenie, rewizja'),
(245, 1, 'sublime', 'wzniosy, idealny, wysublimowany'),
(246, 1, 'contribute', 'przyczyni si, wnie wkad'),
(247, 1, 'utilize', 'wykorzysta, eksploatowa'),
(248, 1, 'prompt', 'skoni, namwi'),
(249, 1, 'assumption', 'zaoenie, hipoteza'),
(250, 1, 'attempt', 'prba, usiowanie'),
(251, 1, 'appropriate', 'waciwy, stosowny'),
(252, 1, 'robust', 'silny, krzepki'),
(253, 1, 'home theater', 'kino domowe'),
(254, 1, 'puberty', 'dojrzewanie pciowe'),
(255, 1, 'omitting', 'pomija'),
(256, 1, 'consecutive', 'kolejny, nieprzerwany, seryjny, nastpujcy po czym'),
(257, 1, 'auxiliary', 'Pomocniczy, posikowy'),
(258, 1, 'scheduled', 'planowy'),
(259, 1, 'suppress', 'stumi, znie'),
(260, 1, 'declined', 'odrzucony'),
(261, 1, 'quote', 'cytowa'),
(262, 1, 'tender', 'delikatny'),
(263, 1, 'wreck', 'wrak'),
(264, 1, 'tribute', 'hod, uznanie'),
(265, 1, 'explicit', 'wyrany, kategoryczny'),
(266, 1, 'white paper', 'dokument reklamujcy jaki produkt ( ma jeszcze inne znaczenia )'),
(267, 1, 'resource efficiency', 'efektywno wykorzystania zasobw'),
(268, 1, 'sequality', 'sekwencja'),
(269, 1, 'executive', 'wykonawczy'),
(270, 1, 'executive summary', 'streszczenie'),
(271, 1, 'redeem', 'wykupi, odkupi'),
(272, 1, 'stilted', 'nienaturalny, wymuszony'),
(273, 1, 'twofold', 'dwojaki, dwukrotny'),
(274, 1, 'sublime', 'wzniosy, idealny, wysublimowany'),
(275, 1, 'grasp', 'chwyta, zrozumie'),
(276, 1, 'ward', 'oddzia, dzielnica'),
(277, 1, 'conceal', 'ukrywa'),
(278, 1, 'respectively', 'odpowiednio'),
(279, 1, 'resilient', 'sprysty'),
(280, 1, 'postpone', 'odracza'),
(281, 1, 'reconcile', 'pogodzi'),
(282, 1, 'state of the art', 'wspczesny stan wiedzy'),
(283, 1, 'overhaul', 'remontowa, przegld'),
(284, 1, 'primordial', 'pierwotny'),
(285, 1, 'cogged', 'zbaty'),
(286, 1, 'rack', 'pka, stojak'),
(287, 1, 'tremble', 'dre'),
(288, 1, 'anxiety', 'niepokj'),
(289, 1, 'frail', 'saby, wty'),
(290, 1, 'sip', 'yk'),
(291, 1, 'audible', 'syszalny'),
(292, 1, 'discretionary', 'nieobowizkowy'),
(293, 1, 'spouse', 'maonek, maonka'),
(294, 1, 'consolation', 'pocieszenie'),
(295, 1, 'stand by', 'by gotowym, wspiera'),
(296, 1, 'hang around', 'pata si'),
(297, 1, 'beguile', 'mami'),
(298, 1, 'toss', 'rzuca'),
(299, 1, 'tentative', 'niepewny, wstpny'),
(300, 1, 'grim', 'ponury'),
(301, 1, 'alike', 'podobnie, podobny'),
(302, 1, 'swell', 'narasta'),
(303, 1, 'menace', 'groba, zagroenie'),
(304, 1, 'quarrel', 'ktnia, kci si'),
(305, 1, 'premises', 'siedziba, teren'),
(306, 1, 'compulsive', 'przymusowy'),
(307, 1, 'chairman', 'przewodniczcy, prezes'),
(308, 1, 'diffuse', 'rozproszony'),
(309, 1, 'be at the mercy of', 'by zdanym na ask'),
(310, 1, 'disparity', 'nierwno'),
(311, 1, 'infringement', 'naruszenie'),
(312, 1, 'diversity', 'rnorodno'),
(313, 1, 'admissible', 'dopuszczalny'),
(314, 1, 'neat', 'staranny'),
(315, 1, 'superior', 'lepszy, starszy'),
(316, 1, 'shortcoming', 'mankament, niedostatek'),
(317, 1, 'discrepancy', 'rozbieno'),
(318, 1, 'feasible', 'wykonalny'),
(319, 1, 'neglect', 'zaniedbywa, zaniedbanie'),
(320, 1, 'excerpt', 'urywek, fragment, wyjtek'),
(321, 1, 'burden', 'obcienie'),
(322, 1, 'suitable', 'odpowiedni'),
(323, 1, 'extraneous', 'uboczny'),
(324, 1, 'overcome', 'przezwycia'),
(325, 1, 'opinionated', 'zawzity, zadufany'),
(326, 1, 'successor', 'nastpca'),
(327, 1, 'efficient', 'wydajny'),
(328, 1, 'effective', 'skuteczny'),
(329, 1, 'vague', 'niejasny'),
(330, 1, 'receptacle', 'gniazdo (wtykowe)'),
(331, 1, 'slack', 'luny'),
(332, 1, 'affection', 'uczucie'),
(333, 1, 'gratitude', 'wdziczno'),
(334, 1, 'attain', 'osign'),
(335, 1, 'loathe', 'nienawidzi'),
(336, 1, 'revise', 'poprawi'),
(337, 1, 'intermediary', 'porednik'),
(338, 1, 'caveat', 'zastrzeenie'),
(339, 1, 'interim', 'tymczasowy, przejciowy'),
(340, 1, 'inherently', 'z natury'),
(341, 1, 'innocuous', 'nieszkodliwy'),
(342, 1, 'opt out', 'zrezygnowa'),
(343, 1, 'in moderation', 'z umiarem'),
(344, 1, 'disclose', 'ujawnia'),
(345, 1, 'harsh', 'surowy, ostry'),
(346, 1, 'cease', 'ustawa'),
(347, 1, 'stale', 'niewiey'),
(348, 1, 'condemn', 'potpia, skazywa'),
(349, 1, 'gist', 'esencja, sedno'),
(350, 1, 'fortnightly', 'dwutygodniowy'),
(351, 1, 'firmly', 'stanowczo, pewnie'),
(352, 1, 'bogus', 'faszywy, podrobiony'),
(353, 1, 'envy', 'zazdro'),
(354, 1, 'prevail', 'przewaa'),
(355, 1, 'chasm', 'przepa'),
(356, 1, 'rejoice', 'cieszy si'),
(357, 1, 'perceive', 'postrzega'),
(358, 1, 'incorporate', 'wcza w, zawiera'),
(359, 1, 'exaggerate', 'wyolbrzymia'),
(360, 1, 'urge', 'pragnienie, namawia'),
(361, 1, 'converge', 'zbiega si'),
(362, 1, 'disregard', 'lekceway'),
(363, 1, 'lucrative', 'dochodowy'),
(364, 1, 'retaliation', 'odwet'),
(365, 1, 'tamper with', 'ingerowa, majstrowa przy'),
(366, 1, 'tinker with', 'majstrowa przy'),
(367, 1, 'unravel', 'rozwika'),
(368, 1, 'commotion', 'zamieszanie'),
(369, 1, 'overlap', 'zakadka, zachodzi'),
(370, 1, 'endorse', 'popiera'),
(371, 1, 'intrinsic', 'wrodzony'),
(372, 1, 'reckon', 'przypuszcza, szacowa'),
(373, 1, 'praise', 'pochwaa'),
(374, 1, 'churlish', 'chamski'),
(375, 1, 'enhance', 'ulepsza'),
(376, 1, 'somber', 'ponury'),
(377, 1, 'deliberately', 'celowo'),
(378, 1, 'humiliate', 'ponia'),
(379, 1, 'siblings', 'rodzestwo'),
(380, 1, 'taint', 'zanieczyszcza'),
(381, 1, 'detention', 'przetrzymanie'),
(382, 1, 'reassuring', 'uspokajajcy'),
(383, 1, 'insidious', 'podstpny, zdradziecki'),
(384, 1, 'elusive', 'nieuchwytny, ulotny'),
(385, 1, 'proficiency', 'biego'),
(386, 1, 'comprehension', 'zrozumienie'),
(387, 1, 'circumvent', 'omija, obej'),
(388, 1, 'goofy', 'gupkowaty'),
(389, 1, 'hilarious', 'zabawny, komiczny'),
(390, 1, 'promptly', 'natychmiast'),
(391, 1, 'namely', 'a mianowicie'),
(392, 1, 'supersede', 'wypiera, zastpi'),
(393, 1, 'chassis', 'podwozie'),
(394, 1, 'arbitrary', 'dowolny, przypadkowy'),
(395, 1, 'preliminary', 'wstpny'),
(396, 1, 'conscientious', 'sumienny'),
(397, 1, 'anticipate', 'przewidywa'),
(398, 1, 'behold', 'ujrze'),
(399, 1, 'self-esteem', 'samoocena'),
(400, 1, 'thrive', 'rozwija si, prosperowa'),
(401, 1, 'impose', 'nakada'),
(402, 1, 'conceivable', 'wyobraalny'),
(403, 1, 'rectify', 'prostowa'),
(404, 1, 'daunting', 'zniechcajcy'),
(405, 1, 'incentive', 'zachta, bodziec'),
(406, 1, 'tackle', 'podejmowa walk z'),
(407, 1, 'clumsy', 'niezdarny'),
(408, 1, 'come across', 'natkn si'),
(409, 1, 'afterall', 'ostatecznie'),
(410, 1, 'refrain', 'powstrzymywa si'),
(411, 1, 'insight', 'wgld, spostrzeenie'),
(412, 1, 'non-intrusive', 'nieinwazyjny'),
(413, 1, 'mitigate', 'zaagodzi'),
(414, 1, 'thrift', 'oszczdno, zapobiegliwo'),
(415, 1, 'haphazard', 'przypadkowy, bezplanowy'),
(416, 1, 'fornication', 'cudzostwo'),
(417, 1, 'afterwards', 'potem'),
(418, 1, 'settle', 'osiada, rozstrzyga, uregulowa'),
(419, 1, 'hang out', 'spdza czas'),
(420, 1, 'condiment', 'przyprawa'),
(421, 1, 'stumble', 'potkn si'),
(422, 1, 'stutter', 'jka si'),
(423, 1, 'carry on', 'kontynuowa'),
(424, 1, 'carry out', 'wykona'),
(425, 1, 'congestion', 'zator'),
(426, 1, 'incur', 'ponie'),
(427, 1, 'negligence', 'niedbalstwo'),
(428, 1, 'recall', 'przypomina, wycofa'),
(429, 1, 'frame', 'wrobi kogo'),
(430, 1, 'exempt', 'zwolniony'),
(431, 1, 'trespass', 'wykroczenie'),
(432, 1, 'lodge', 'zakwaterowa'),
(433, 1, 'subdue', 'podbi'),
(434, 1, 'subside', 'zapada'),
(435, 1, 'struggle', 'zmaga si'),
(436, 1, 'sore', 'bl'),
(437, 1, 'confined', 'ograniczony, zamknity'),
(438, 1, 'dent', 'wygi, wygicie'),
(439, 1, 'dispense', 'rozdziela, rozda'),
(440, 1, 'signpost', 'drogowskaz'),
(441, 1, 'remit', 'przekaza'),
(442, 1, 'ramp', 'pochylnia'),
(443, 1, 'dwell', 'mieszka'),
(444, 1, 'facility', 'placwka, atwo'),
(445, 1, 'virtually', 'prawie, waciwie'),
(446, 1, 'adverse', 'niekorzystny'),
(447, 1, 'inquire', 'pyta si'),
(448, 1, 'compassion', 'wspczucie'),
(449, 1, 'dash', 'pdzi'),
(450, 1, 'downright', 'szczery, skoczony, jawny'),
(451, 1, 'imminent', 'nieuchronny'),
(452, 1, 'revenue', 'dochd'),
(453, 1, 'at last', 'wreszcie'),
(454, 1, 'faint', 'wty'),
(455, 1, 'inevitable', 'nieunikniony'),
(456, 1, 'distress', 'rozpacz, w niebezpieczestwie'),
(457, 1, 'vanquish', 'pokona, zwyciy'),
(458, 1, 'bail', 'kaucja'),
(459, 1, 'be in charge of', 'by odpowiedzialnym za'),
(460, 1, 'deflect', 'ugina, odpiera, odchyla'),
(461, 1, 'undoing', 'zguba'),
(462, 1, 'take care', 'zadba, zatroszczy si'),
(463, 1, 'in a manner of speaking', 'w pewnym sensie'),
(464, 1, 'gratuitous', 'darmowy, bezinteresowny'),
(465, 1, 'diversify', 'urozmaica'),
(466, 1, 'nuisance', 'utrapienie'),
(467, 1, 'in the wake of', 'w nastpstwie'),
(468, 1, 'subterranean', 'podziemny'),
(469, 1, 'lore', 'wiedza'),
(470, 1, 'contagious', 'zaraliwy'),
(471, 1, 'runny nose', 'katar'),
(472, 1, 'juvenile', 'nieletni'),
(473, 1, 'contrail', 'smuga'),
(474, 1, 'vapor', 'para'),
(475, 1, 'muffle', 'stumi, okry'),
(476, 1, 'doodle', 'gryzmoli'),
(477, 1, 'twitch', 'skurcz, drganie'),
(478, 1, 'blooper', 'wpadka'),
(479, 1, 'overkill', 'przesada'),
(480, 1, 'perplex', 'zakopotanie, wprawia w zakopotanie'),
(481, 1, 'plead', 'baga, broni, przyzna si'),
(482, 1, 'lenient', 'pobaliwy, agodny'),
(483, 1, 'renounce', 'wyrzec si'),
(484, 1, 'recoil', 'odrzut'),
(485, 1, 'topple', 'obala, przewraca si'),
(486, 1, 'martial', 'wojenny'),
(487, 1, 'indulge', 'pobaa, dogadza'),
(488, 1, 'dismantle', 'zdemontowa'),
(489, 1, 'nourishment', 'pokarm'),
(490, 1, 'turd', 'ajno'),
(491, 1, 'on behalf of', 'w imieniu'),
(492, 1, 'devise', 'wymyla, wynale, zaplanowa'),
(493, 1, 'commission', 'prowizja, zlecenie'),
(494, 1, 'impede', 'utrudnia, wstrzymywa'),
(495, 1, 'puberty', 'dojrzewanie'),
(496, 1, 'righteous', 'sprawiedliwy, suszny'),
(497, 1, 'hideous', 'ohydny, obrzydliwy'),
(498, 1, 'yank', 'szarpa'),
(499, 1, 'refute', 'obali, odeprze zarzuty'),
(500, 1, 'shove', 'pchnicie'),
(501, 1, 'pity', 'szkoda, lito, wspczucie'),
(502, 1, 'allure', 'nci, wabi'),
(503, 1, 'coy', 'skromny, niemiay'),
(504, 1, 'vindicate', 'broni, dowie czego'),
(505, 1, 'expel', 'wydala'),
(506, 1, 'venture', 'ryzyko, przedsiwzicie'),
(507, 1, 'pledge', 'zastaw, zobowiza si'),
(508, 1, 'pottery', 'garncarstwo'),
(509, 1, 'conjecture', 'przypuszczenie'),
(510, 1, 'flutter', 'trzepota, niepokj'),
(511, 1, 'rot', 'gni'),
(512, 1, 'rein', 'trzyma na wodzy'),
(513, 1, 'self-contained', 'samodzielny, samowystarczalny'),
(514, 1, 'undergoing', 'w trakcie, przechodzcy'),
(515, 1, 'sigh', 'westchn'),
(516, 1, 'secretion', 'wydzielina'),
(517, 1, 'outrage', 'skandal, zniewaga'),
(518, 1, 'rile', 'zoci, irytowa'),
(519, 1, 'downcast', 'przygnbiony'),
(520, 1, 'sidekick', 'pomocnik'),
(521, 1, 'seemingly', 'pono, pozornie'),
(522, 1, 'displace', 'przesiedla, wypiera'),
(523, 1, 'soar', 'wznie si'),
(524, 1, 'slump', 'osun, gwatownie spada'),
(525, 1, 'outnumber', 'przewysza liczebnie'),
(526, 1, 'mumble', 'mamrota, bekota'),
(527, 1, 'stiff', 'sztywny, oschy'),
(528, 1, 'pensive', 'zamylony'),
(529, 1, 'profusely', 'obficie'),
(530, 1, 'prop', 'rekwizyt, podpiera'),
(531, 1, 'shatter', 'roztrzaska'),
(532, 1, 'plummet', 'spada'),
(533, 1, 'sinister', 'zowrogi, zowieszczy'),
(534, 1, 'subsidiary', 'drugorzdny, pomocniczy'),
(535, 1, 'overtone', 'podtekst'),
(536, 1, 'skirmish', 'potyczka'),
(537, 1, 'competitive', 'konkurencyjny'),
(538, 1, 'coalesce', 'czy, zjednoczy si'),
(539, 1, 'supremacy', 'zwierzchnictwo, przewaga'),
(540, 1, 'at most', 'co najwyej'),
(541, 1, 'secluded', 'odosobniony'),
(542, 1, 'outright', 'wprost, otwarcie'),
(543, 1, 'be fed up with', 'mie do'),
(544, 1, 'inconsiderate', 'nieuprzejmy, nierozwany'),
(545, 1, 'bleach', 'wybieli'),
(546, 1, 'exalt', 'wywysza, wychwala'),
(547, 1, 'sloppy', 'niechlujny, zaniedbany'),
(548, 1, 'petty', 'drobny, mao wany'),
(549, 1, 'saddle', 'siodo'),
(550, 1, 'allegedly', 'rzekomo'),
(551, 1, 'luxuriate', 'rozkoszowa si'),
(552, 1, 'strangle', 'udusi'),
(553, 1, 'abundant', 'obfity, szczodry'),
(554, 1, 'overdue', 'zalegy, spniony'),
(555, 1, 'crave', 'pragn, poda'),
(556, 1, 'ominous', 'zowieszczy, zowrogi, grony'),
(557, 1, 'scarcity', 'niedobr, niedostatek'),
(558, 1, 'hollow', 'pusty, wydrony'),
(559, 1, 'crude', 'surowy, nieokrzesany'),
(560, 1, 'savage', 'dziki, brutalny'),
(561, 1, 'apex', 'wierzchoek, szczyt'),
(562, 1, 'spur', 'pobudza, zachca'),
(563, 1, 'avenge', 'mci'),
(564, 1, 'custard', 'krem'),
(565, 1, 'worrisome', 'niepokojcy'),
(566, 1, 'kinky', 'perwersyjny, zboczony'),
(567, 1, 'tickle', 'askota'),
(568, 1, 'resent', 'oburza si, obrazi si'),
(569, 1, 'attend', 'bra udzia w, asystowa, troszczy si'),
(570, 1, 'cutlery', 'sztuce'),
(571, 1, 'hustle', 'popiech, popdza'),
(572, 1, 'provision', 'zaopatrze, zabezpiecza');

--
-- Indexes for dumped tables
--

--
-- Indexes for table `dictionary`
--
ALTER TABLE `dictionary`
  ADD PRIMARY KEY (`id`),
  ADD UNIQUE KEY `unique_source_target_language_id` (`source_language_id`,`target_language_id`),
  ADD KEY `FKdfyihlofn3rpj7g0kpue2nbv9` (`source_language_id`),
  ADD KEY `FKpuelx1rs0c5w9oiirfkp73plw` (`target_language_id`);

--
-- Indexes for table `language`
--
ALTER TABLE `language`
  ADD PRIMARY KEY (`id`),
  ADD UNIQUE KEY `unique_code` (`code`);

--
-- Indexes for table `rank`
--
ALTER TABLE `rank`
  ADD PRIMARY KEY (`id`),
  ADD UNIQUE KEY `unique_user_word_id_reversed_dictionary` (`user_word_id`,`reversed_dictionary`);

--
-- Indexes for table `user`
--
ALTER TABLE `user`
  ADD PRIMARY KEY (`id`);

--
-- Indexes for table `user_word`
--
ALTER TABLE `user_word`
  ADD PRIMARY KEY (`id`),
  ADD UNIQUE KEY `unique_user_id_word_id` (`user_id`,`word_id`),
  ADD KEY `FK70vcixbxt7t2lhgcng6ukg74x` (`user_id`),
  ADD KEY `FKjqlk39web147dg7bn1efkbddk` (`word_id`);

--
-- Indexes for table `word`
--
ALTER TABLE `word`
  ADD PRIMARY KEY (`id`),
  ADD KEY `FKpevq98n5q80gkuhdf3yik5sba` (`dictionary_id`);

--
-- AUTO_INCREMENT for dumped tables
--

--
-- AUTO_INCREMENT for table `dictionary`
--
ALTER TABLE `dictionary`
  MODIFY `id` bigint(20) NOT NULL AUTO_INCREMENT, AUTO_INCREMENT=2;
--
-- AUTO_INCREMENT for table `language`
--
ALTER TABLE `language`
  MODIFY `id` bigint(20) NOT NULL AUTO_INCREMENT, AUTO_INCREMENT=3;
--
-- AUTO_INCREMENT for table `rank`
--
ALTER TABLE `rank`
  MODIFY `id` bigint(20) NOT NULL AUTO_INCREMENT, AUTO_INCREMENT=1145;
--
-- AUTO_INCREMENT for table `user`
--
ALTER TABLE `user`
  MODIFY `id` bigint(20) NOT NULL AUTO_INCREMENT, AUTO_INCREMENT=3;
--
-- AUTO_INCREMENT for table `user_word`
--
ALTER TABLE `user_word`
  MODIFY `id` bigint(20) NOT NULL AUTO_INCREMENT, AUTO_INCREMENT=573;
--
-- AUTO_INCREMENT for table `word`
--
ALTER TABLE `word`
  MODIFY `id` bigint(20) NOT NULL AUTO_INCREMENT, AUTO_INCREMENT=573;
--
-- Constraints for dumped tables
--

--
-- Constraints for table `dictionary`
--
ALTER TABLE `dictionary`
  ADD CONSTRAINT `FKdfyihlofn3rpj7g0kpue2nbv9` FOREIGN KEY (`source_language_id`) REFERENCES `language` (`id`),
  ADD CONSTRAINT `FKpuelx1rs0c5w9oiirfkp73plw` FOREIGN KEY (`target_language_id`) REFERENCES `language` (`id`);

--
-- Constraints for table `rank`
--
ALTER TABLE `rank`
  ADD CONSTRAINT `FKlx47nee3aig7fd95yh6ft45fs` FOREIGN KEY (`user_word_id`) REFERENCES `user_word` (`id`) ON DELETE CASCADE;

--
-- Constraints for table `user_word`
--
ALTER TABLE `user_word`
  ADD CONSTRAINT `FK70vcixbxt7t2lhgcng6ukg74x` FOREIGN KEY (`user_id`) REFERENCES `user` (`id`) ON DELETE CASCADE,
  ADD CONSTRAINT `FKjqlk39web147dg7bn1efkbddk` FOREIGN KEY (`word_id`) REFERENCES `word` (`id`) ON DELETE CASCADE;

--
-- Constraints for table `word`
--
ALTER TABLE `word`
  ADD CONSTRAINT `FKpevq98n5q80gkuhdf3yik5sba` FOREIGN KEY (`dictionary_id`) REFERENCES `dictionary` (`id`) ON DELETE CASCADE;

/*!40101 SET CHARACTER_SET_CLIENT=@OLD_CHARACTER_SET_CLIENT */;
/*!40101 SET CHARACTER_SET_RESULTS=@OLD_CHARACTER_SET_RESULTS */;
/*!40101 SET COLLATION_CONNECTION=@OLD_COLLATION_CONNECTION */;
